{"type":"FeatureCollection","features":[{"type":"Feature","properties":{"geoid":"40143001000","tract":"10","county":"Tulsa","median_hh_income":19097,"moe":14917,"population":1299,"poverty_pct":32.0,"reliability":"wide"},"geometry":{"type":"Polygon","coordinates":[[[-95.993505,36.176913],[-95.983257,36.17696],[-95.984745,36.164],[-95.984691,36.162644],[-95.983937,36.160573],[-95.990218,36.162285],[-95.992861,36.162213],[-95.99346,36.163464],[-95.993505,36.176913]]]}},{"type":"Feature","properties":{"geoid":"40143003600","tract":"36","county":"Tulsa","median_hh_income":106197,"moe":12285,"population":1972,"poverty_pct":12.3,"reliability":"ok"},"geometry":{"type":"Polygon","coordinates":[[[-95.958215,36.140514],[-95.940323,36.140558],[-95.940354,36.133284],[-95.95819900000001,36.13323],[-95.958215,36.140514]]]}},{"type":"Feature","properties":{"geoid":"40143004101","tract":"41.01","county":"Tulsa","median_hh_income":248365,"moe":66008,"population":2460,"poverty_pct":2.7,"reliability":"wide"},"geometry":{"type":"Polygon","coordinates":[[[-95.95815000000002,36.118789],[-95.940271,36.118766],[-95.940216,36.104313],[-95.95799,36.104252],[-95.95815000000002,36.118789]]]}},{"type":"Feature","properties":{"geoid":"40143005001","tract":"50.01","county":"Tulsa","median_hh_income":72862,"moe":19626,"population":2132,"poverty_pct":13.0,"reliability":"wide"},"geometry":{"type":"Polygon","coordinates":[[[-95.987955,36.089953],[-95.985873,36.104293],[-95.97573,36.104313],[-95.975705,36.089666],[-95.987955,36.089953]]]}},{"type":"Feature","properties":{"geoid":"40143006000","tract":"60","county":"Tulsa","median_hh_income":48982,"moe":8907,"population":5385,"poverty_pct":23.0,"reliability":"ok"},"geometry":{"type":"Polygon","coordinates":[[[-95.90457,36.160741],[-95.904559,36.177079],[-95.8867,36.17707],[-95.886718,36.160721],[-95.90457,36.160741]]]}},{"type":"Feature","properties":{"geoid":"40143006902","tract":"69.02","county":"Tulsa","median_hh_income":109063,"moe":12382,"population":1570,"poverty_pct":7.5,"reliability":"ok"},"geometry":{"type":"Polygon","coordinates":[[[-95.922138,36.075326],[-95.922231,36.089827],[-95.904353,36.089897],[-95.90433,36.075388],[-95.922138,36.075326]]]}},{"type":"Feature","properties":{"geoid":"40143007311","tract":"73.11","county":"Tulsa","median_hh_income":45281,"moe":19219,"population":2680,"poverty_pct":35.6,"reliability":"wide"},"geometry":{"type":"Polygon","coordinates":[[[-95.833353,36.160645],[-95.815415,36.160631],[-95.815406,36.133467],[-95.833222,36.133445],[-95.833353,36.160645]]]}},{"type":"Feature","properties":{"geoid":"40143007309","tract":"73.09","county":"Tulsa","median_hh_income":57813,"moe":20969,"population":1641,"poverty_pct":27.5,"reliability":"wide"},"geometry":{"type":"Polygon","coordinates":[[[-95.851178,36.14801],[-95.851196,36.16066],[-95.833353,36.160645],[-95.83329200000001,36.148004],[-95.851178,36.14801]]]}},{"type":"Feature","properties":{"geoid":"40143007616","tract":"76.16","county":"Tulsa","median_hh_income":110735,"moe":29083,"population":3519,"poverty_pct":7.1,"reliability":"wide"},"geometry":{"type":"Polygon","coordinates":[[[-95.90433,36.075388],[-95.886398,36.075348],[-95.886362,36.060871],[-95.904221,36.060865],[-95.90433,36.075388]]]}},{"type":"Feature","properties":{"geoid":"40143008502","tract":"85.02","county":"Tulsa","median_hh_income":60000,"moe":8794,"population":5198,"poverty_pct":8.1,"reliability":"ok"},"geometry":{"type":"Polygon","coordinates":[[[-95.904541,36.118897],[-95.868679,36.118952],[-95.86869300000001,36.104481],[-95.904532,36.104365],[-95.904541,36.118897]]]}},{"type":"Feature","properties":{"geoid":"40143004600","tract":"46","county":"Tulsa","median_hh_income":41282,"moe":8052,"population":2744,"poverty_pct":39.0,"reliability":"ok"},"geometry":{"type":"Polygon","coordinates":[[[-96.00906300000001,36.130979],[-96.007266,36.14069],[-96.005876,36.142745],[-96.000826,36.140049],[-95.992178,36.131829],[-95.995802,36.129898],[-95.99942,36.129799],[-95.999462,36.1262],[-96.007042,36.126256],[-96.007548,36.12805],[-96.008718,36.127414],[-96.00906300000001,36.130979]]]}},{"type":"Feature","properties":{"geoid":"40143003200","tract":"32","county":"Tulsa","median_hh_income":108636,"moe":62807,"population":1664,"poverty_pct":4.9,"reliability":"wide"},"geometry":{"type":"Polygon","coordinates":[[[-95.9889,36.134294],[-95.98736,36.136058],[-95.987314,36.143647],[-95.983733,36.14203100000001],[-95.981648,36.141734],[-95.979469,36.142492],[-95.978779,36.144287000000006],[-95.979907,36.147919],[-95.975602,36.147889],[-95.975636,36.133354],[-95.98895900000001,36.133371000000004],[-95.9889,36.134294]]]}},{"type":"Feature","properties":{"geoid":"40143005810","tract":"58.10","county":"Tulsa","median_hh_income":96648,"moe":11685,"population":4163,"poverty_pct":4.6,"reliability":"ok"},"geometry":{"type":"Polygon","coordinates":[[[-95.860514,36.322286],[-95.858257,36.328014],[-95.851901,36.336562],[-95.81222,36.33652],[-95.8122,36.32205],[-95.860514,36.322286]]]}},{"type":"Feature","properties":{"geoid":"40143007652","tract":"76.52","county":"Tulsa","median_hh_income":181094,"moe":30824,"population":3812,"poverty_pct":2.5,"reliability":"ok"},"geometry":{"type":"Polygon","coordinates":[[[-95.886637,36.002805],[-95.88652,36.017297],[-95.86853,36.017378],[-95.86856200000001,36.002861],[-95.886637,36.002805]]]}},{"type":"Feature","properties":{"geoid":"40143007313","tract":"73.13","county":"Tulsa","median_hh_income":63646,"moe":5734,"population":2663,"poverty_pct":22.3,"reliability":"ok"},"geometry":{"type":"Polygon","coordinates":[[[-95.859766,36.133473],[-95.851065,36.133459],[-95.851105,36.119003],[-95.8596,36.119017],[-95.859766,36.133473]]]}},{"type":"Feature","properties":{"geoid":"40143007527","tract":"75.27","county":"Tulsa","median_hh_income":93073,"moe":7693,"population":1202,"poverty_pct":4.4,"reliability":"ok"},"geometry":{"type":"Polygon","coordinates":[[[-95.886486,36.031823],[-95.886196,36.046386],[-95.868522,36.046413],[-95.868513,36.031929],[-95.886486,36.031823]]]}},{"type":"Feature","properties":{"geoid":"40143009014","tract":"90.14","county":"Tulsa","median_hh_income":83098,"moe":21149,"population":1990,"poverty_pct":17.0,"reliability":"wide"},"geometry":{"type":"Polygon","coordinates":[[[-95.825921,36.108039],[-95.824336,36.108162],[-95.824778,36.118944],[-95.815393,36.118945000000004],[-95.815321,36.104432],[-95.82579500000001,36.104465],[-95.825921,36.108039]]]}},{"type":"Feature","properties":{"geoid":"40143007649","tract":"76.49","county":"Tulsa","median_hh_income":95592,"moe":32138,"population":2311,"poverty_pct":7.9,"reliability":"wide"},"geometry":{"type":"Polygon","coordinates":[[[-95.949071,36.046422],[-95.94002,36.046411],[-95.940027,36.031886],[-95.948946,36.031806],[-95.949071,36.046422]]]}},{"type":"Feature","properties":{"geoid":"40143000900","tract":"9","county":"Tulsa","median_hh_income":75179,"moe":15557,"population":1481,"poverty_pct":14.9,"reliability":"ok"},"geometry":{"type":"Polygon","coordinates":[[[-96.001236,36.176941],[-95.993505,36.176913],[-95.99346,36.163464],[-95.992861,36.162213],[-95.998025,36.161244],[-96.001226,36.161296],[-96.001236,36.176941]]]}},{"type":"Feature","properties":{"geoid":"40143001300","tract":"13","county":"Tulsa","median_hh_income":47612,"moe":11354,"population":2114,"poverty_pct":35.1,"reliability":"ok"},"geometry":{"type":"Polygon","coordinates":[[[-95.967101,36.159239],[-95.967052,36.180391],[-95.965614,36.181416000000006],[-95.96607,36.181976],[-95.96072,36.185958],[-95.959378,36.189362],[-95.95819,36.190137],[-95.958178,36.160747],[-95.962058,36.160787],[-95.967101,36.159239]]]}},{"type":"Feature","properties":{"geoid":"40143003300","tract":"33","county":"Tulsa","median_hh_income":93000,"moe":24432,"population":1960,"poverty_pct":11.0,"reliability":"wide"},"geometry":{"type":"Polygon","coordinates":[[[-95.97565400000002,36.140621],[-95.958215,36.140514],[-95.95819900000001,36.13323],[-95.975636,36.133354],[-95.97565400000002,36.140621]]]}},{"type":"Feature","properties":{"geoid":"40143007310","tract":"73.10","county":"Tulsa","median_hh_income":49616,"moe":3526,"population":4243,"poverty_pct":22.3,"reliability":"ok"},"geometry":{"type":"Polygon","coordinates":[[[-95.851178,36.14801],[-95.83329200000001,36.148004],[-95.833222,36.133445],[-95.851065,36.133459],[-95.851178,36.14801]]]}},{"type":"Feature","properties":{"geoid":"40143007611","tract":"76.11","county":"Tulsa","median_hh_income":118936,"moe":8539,"population":1286,"poverty_pct":4.4,"reliability":"ok"},"geometry":{"type":"Polygon","coordinates":[[[-95.958007,36.075281],[-95.950697,36.075296],[-95.948898,36.076934],[-95.943445,36.077154],[-95.940123,36.075327],[-95.939898,36.060831],[-95.95788400000002,36.060776],[-95.958007,36.075281]]]}},{"type":"Feature","properties":{"geoid":"40143007523","tract":"75.23","county":"Tulsa","median_hh_income":87072,"moe":11709,"population":2948,"poverty_pct":5.1,"reliability":"ok"},"geometry":{"type":"Polygon","coordinates":[[[-95.815239,35.988356],[-95.797393,35.988356],[-95.797327,35.973863],[-95.815142,35.973853],[-95.815239,35.988356]]]}},{"type":"Feature","properties":{"geoid":"40143007629","tract":"76.29","county":"Tulsa","median_hh_income":70625,"moe":9727,"population":4204,"poverty_pct":5.5,"reliability":"ok"},"geometry":{"type":"Polygon","coordinates":[[[-95.904262,36.031839],[-95.886486,36.031823],[-95.88652,36.017297],[-95.904232,36.017334],[-95.904262,36.031839]]]}},{"type":"Feature","properties":{"geoid":"40143008400","tract":"84","county":"Tulsa","median_hh_income":55625,"moe":8272,"population":3348,"poverty_pct":18.7,"reliability":"ok"},"geometry":{"type":"Polygon","coordinates":[[[-95.904616,36.133428],[-95.88667000000001,36.133496],[-95.886601,36.118893],[-95.904541,36.118897],[-95.904616,36.133428]]]}},{"type":"Feature","properties":{"geoid":"40143007617","tract":"76.17","county":"Tulsa","median_hh_income":47213,"moe":5037,"population":3681,"poverty_pct":19.6,"reliability":"ok"},"geometry":{"type":"Polygon","coordinates":[[[-95.886362,36.060871],[-95.886398,36.075348],[-95.86856,36.075415],[-95.868485,36.06091],[-95.886362,36.060871]]]}},{"type":"Feature","properties":{"geoid":"40143007415","tract":"74.15","county":"Tulsa","median_hh_income":80859,"moe":13566,"population":1550,"poverty_pct":12.0,"reliability":"ok"},"geometry":{"type":"Polygon","coordinates":[[[-95.815295,36.060908],[-95.797439,36.060988],[-95.797436,36.046457],[-95.815343,36.046396],[-95.815295,36.060908]]]}},{"type":"Feature","properties":{"geoid":"40143003100","tract":"31","county":"Tulsa","median_hh_income":54444,"moe":10559,"population":2679,"poverty_pct":17.8,"reliability":"ok"},"geometry":{"type":"Polygon","coordinates":[[[-96.003088,36.14672],[-96.00273,36.147786],[-96.001823,36.145958],[-96.000511,36.145316],[-95.994988,36.14518],[-95.992347,36.144047],[-95.987314,36.143647],[-95.98736,36.136058],[-95.9889,36.134294],[-95.98895900000001,36.133371000000004],[-95.992178,36.131829],[-96.000826,36.140049],[-96.005876,36.142745],[-96.003088,36.14672]]]}},{"type":"Feature","properties":{"geoid":"40143007411","tract":"74.11","county":"Tulsa","median_hh_income":54381,"moe":4425,"population":3663,"poverty_pct":11.7,"reliability":"ok"},"geometry":{"type":"Polygon","coordinates":[[[-95.868522,36.046413],[-95.868485,36.06091],[-95.85096,36.060874],[-95.85101,36.046301],[-95.868522,36.046413]]]}},{"type":"Feature","properties":{"geoid":"40143001200","tract":"12","county":"Tulsa","median_hh_income":60379,"moe":9930,"population":1528,"poverty_pct":17.6,"reliability":"ok"},"geometry":{"type":"Polygon","coordinates":[[[-95.984691,36.162644],[-95.983257,36.17696],[-95.973494,36.176981],[-95.96607,36.181976],[-95.965614,36.181416000000006],[-95.967052,36.180391],[-95.967101,36.159239],[-95.979258,36.159485],[-95.983937,36.160573],[-95.984691,36.162644]]]}},{"type":"Feature","properties":{"geoid":"40143008200","tract":"82","county":"Tulsa","median_hh_income":55398,"moe":3870,"population":2364,"poverty_pct":27.1,"reliability":"ok"},"geometry":{"type":"Polygon","coordinates":[[[-95.886718,36.160721],[-95.8867,36.17707],[-95.868744,36.177053],[-95.868723,36.160666],[-95.886718,36.160721]]]}},{"type":"Feature","properties":{"geoid":"40143008300","tract":"83","county":"Tulsa","median_hh_income":46875,"moe":9052,"population":1642,"poverty_pct":31.1,"reliability":"ok"},"geometry":{"type":"Polygon","coordinates":[[[-95.886718,36.160721],[-95.868723,36.160666],[-95.86882000000001,36.147976],[-95.886665,36.14799],[-95.886718,36.160721]]]}},{"type":"Feature","properties":{"geoid":"40143005812","tract":"58.12","county":"Tulsa","median_hh_income":116932,"moe":39171,"population":3682,"poverty_pct":1.4,"reliability":"wide"},"geometry":{"type":"Polygon","coordinates":[[[-95.830183,36.292988],[-95.81218,36.29305],[-95.81216,36.27853],[-95.830162,36.278523],[-95.830183,36.292988]]]}},{"type":"Feature","properties":{"geoid":"40143007528","tract":"75.28","county":"Tulsa","median_hh_income":72917,"moe":11230,"population":2125,"poverty_pct":12.1,"reliability":"ok"},"geometry":{"type":"Polygon","coordinates":[[[-95.868522,36.046413],[-95.85101,36.046301],[-95.850994,36.031851],[-95.868513,36.031929],[-95.868522,36.046413]]]}},{"type":"Feature","properties":{"geoid":"40143007417","tract":"74.17","county":"Tulsa","median_hh_income":74150,"moe":13560,"population":1334,"poverty_pct":7.0,"reliability":"ok"},"geometry":{"type":"Polygon","coordinates":[[[-95.797448,36.075403],[-95.795102,36.074856],[-95.793703,36.073079],[-95.791684,36.07259],[-95.783125,36.075518],[-95.779465,36.075524],[-95.779553,36.061018],[-95.797439,36.060988],[-95.797448,36.075403]]]}},{"type":"Feature","properties":{"geoid":"40143007536","tract":"75.36","county":"Tulsa","median_hh_income":119432,"moe":16218,"population":2971,"poverty_pct":9.3,"reliability":"ok"},"geometry":{"type":"Polygon","coordinates":[[[-95.797393,35.988356],[-95.761656,35.988387],[-95.761623,35.973795],[-95.797327,35.973863],[-95.797393,35.988356]]]}},{"type":"Feature","properties":{"geoid":"40143009010","tract":"90.10","county":"Tulsa","median_hh_income":51800,"moe":12573,"population":3639,"poverty_pct":19.2,"reliability":"ok"},"geometry":{"type":"Polygon","coordinates":[[[-95.833236,36.118926],[-95.824778,36.118944],[-95.824336,36.108162],[-95.825921,36.108039],[-95.82579500000001,36.104465],[-95.833087,36.104522],[-95.833236,36.118926]]]}},{"type":"Feature","properties":{"geoid":"40143007644","tract":"76.44","county":"Tulsa","median_hh_income":40536,"moe":9324,"population":2894,"poverty_pct":26.5,"reliability":"ok"},"geometry":{"type":"Polygon","coordinates":[[[-95.976541,36.062502],[-95.975798,36.066116],[-95.975778,36.075214],[-95.959977,36.075282],[-95.960423,36.070271],[-95.962171,36.066813],[-95.966613,36.063607],[-95.967134,36.060756],[-95.975818,36.060681],[-95.976541,36.062502]]]}},{"type":"Feature","properties":{"geoid":"40143007529","tract":"75.29","county":"Tulsa","median_hh_income":87596,"moe":23034,"population":4470,"poverty_pct":7.9,"reliability":"wide"},"geometry":{"type":"Polygon","coordinates":[[[-95.833216,36.031882],[-95.81532,36.031912],[-95.81527200000001,36.017407],[-95.833099,36.017401],[-95.833216,36.031882]]]}},{"type":"Feature","properties":{"geoid":"40143007651","tract":"76.51","county":"Tulsa","median_hh_income":109095,"moe":20207,"population":2625,"poverty_pct":4.9,"reliability":"ok"},"geometry":{"type":"Polygon","coordinates":[[[-95.886637,36.002805],[-95.86856200000001,36.002861],[-95.868621,35.988326],[-95.886505,35.988299],[-95.886637,36.002805]]]}},{"type":"Feature","properties":{"geoid":"40143009018","tract":"90.18","county":"Tulsa","median_hh_income":140833,"moe":16149,"population":1825,"poverty_pct":6.0,"reliability":"ok"},"geometry":{"type":"Polygon","coordinates":[[[-95.815321,36.104432],[-95.797384,36.104434],[-95.797367,36.089965],[-95.815308,36.089937],[-95.815321,36.104432]]]}},{"type":"Feature","properties":{"geoid":"40143007632","tract":"76.32","county":"Tulsa","median_hh_income":103269,"moe":20445,"population":3097,"poverty_pct":7.8,"reliability":"ok"},"geometry":{"type":"Polygon","coordinates":[[[-95.922128,36.046384],[-95.904226,36.046342],[-95.904262,36.031839],[-95.92215,36.031868],[-95.922045,36.037246],[-95.922578,36.038264],[-95.921643,36.04183],[-95.922713,36.043831],[-95.922128,36.046384]]]}},{"type":"Feature","properties":{"geoid":"40143003400","tract":"34","county":"Tulsa","median_hh_income":46633,"moe":7467,"population":2067,"poverty_pct":19.8,"reliability":"ok"},"geometry":{"type":"Polygon","coordinates":[[[-95.97565400000002,36.140621],[-95.975602,36.147889],[-95.958184,36.147783],[-95.958215,36.140514],[-95.97565400000002,36.140621]]]}},{"type":"Feature","properties":{"geoid":"40143004400","tract":"44","county":"Tulsa","median_hh_income":77941,"moe":20530,"population":1944,"poverty_pct":10.1,"reliability":"wide"},"geometry":{"type":"Polygon","coordinates":[[[-95.986974,36.118993],[-95.975746,36.11887],[-95.97573,36.104313],[-95.985873,36.104293],[-95.986974,36.118993]]]}},{"type":"Feature","properties":{"geoid":"40143006903","tract":"69.03","county":"Tulsa","median_hh_income":72679,"moe":19455,"population":3931,"poverty_pct":6.0,"reliability":"wide"},"geometry":{"type":"Polygon","coordinates":[[[-95.90433,36.075388],[-95.904353,36.089897],[-95.886526,36.0899],[-95.886398,36.075348],[-95.90433,36.075388]]]}},{"type":"Feature","properties":{"geoid":"40143007000","tract":"70","county":"Tulsa","median_hh_income":48380,"moe":7579,"population":2577,"poverty_pct":18.6,"reliability":"ok"},"geometry":{"type":"Polygon","coordinates":[[[-95.92233,36.104358],[-95.922367,36.118809],[-95.904541,36.118897],[-95.904532,36.104365],[-95.92233,36.104358]]]}},{"type":"Feature","properties":{"geoid":"40143004000","tract":"40","county":"Tulsa","median_hh_income":61964,"moe":7050,"population":3976,"poverty_pct":11.0,"reliability":"ok"},"geometry":{"type":"Polygon","coordinates":[[[-95.940271,36.118766],[-95.922367,36.118809],[-95.92233,36.104358],[-95.940216,36.104313],[-95.940271,36.118766]]]}},{"type":"Feature","properties":{"geoid":"40143007507","tract":"75.07","county":"Tulsa","median_hh_income":74741,"moe":7628,"population":4122,"poverty_pct":13.5,"reliability":"ok"},"geometry":{"type":"Polygon","coordinates":[[[-95.81532,36.031912],[-95.797457,36.031914],[-95.797462,36.017464],[-95.81527200000001,36.017407],[-95.81532,36.031912]]]}},{"type":"Feature","properties":{"geoid":"40113940014","tract":"9400.14","county":"Osage","median_hh_income":73375,"moe":21357,"population":3618,"poverty_pct":8.5,"reliability":"wide"},"geometry":{"type":"Polygon","coordinates":[[[-96.066958,36.318059],[-96.049382,36.318093],[-96.049621,36.336845],[-96.04936,36.337925],[-96.047925,36.340043],[-96.047154,36.343325],[-96.04718,36.346977],[-96.048932,36.347013],[-96.049218,36.368636],[-96.013237,36.368578],[-96.013341,36.361391],[-96.001249,36.361539],[-96.001504,36.30337200000001],[-96.067449,36.303432],[-96.066958,36.318059]]]}},{"type":"Feature","properties":{"geoid":"40143006709","tract":"67.09","county":"Tulsa","median_hh_income":106642,"moe":7588,"population":9442,"poverty_pct":4.8,"reliability":"ok"},"geometry":{"type":"Polygon","coordinates":[[[-96.029544,35.988387],[-96.029518,36.031966],[-95.993724,36.03194800000001],[-95.993797,35.988353],[-96.029544,35.988387]]]}},{"type":"Feature","properties":{"geoid":"40143007654","tract":"76.54","county":"Tulsa","median_hh_income":162337,"moe":40018,"population":3482,"poverty_pct":2.5,"reliability":"ok"},"geometry":{"type":"Polygon","coordinates":[[[-95.922259,36.002822],[-95.922171,36.017334],[-95.904232,36.017334],[-95.904335,36.002804],[-95.922259,36.002822]]]}},{"type":"Feature","properties":{"geoid":"40143007706","tract":"77.06","county":"Tulsa","median_hh_income":79167,"moe":15856,"population":3698,"poverty_pct":10.6,"reliability":"ok"},"geometry":{"type":"Polygon","coordinates":[[[-95.993826,35.959174],[-95.993814,35.973711],[-95.97597,35.973744],[-95.975935,35.959244],[-95.993826,35.959174]]]}},{"type":"Feature","properties":{"geoid":"40143007416","tract":"74.16","county":"Tulsa","median_hh_income":113063,"moe":16125,"population":1519,"poverty_pct":6.3,"reliability":"ok"},"geometry":{"type":"Polygon","coordinates":[[[-95.779553,36.061018],[-95.779465,36.075524],[-95.761652,36.075451],[-95.761674,36.060947],[-95.779553,36.061018]]]}},{"type":"Feature","properties":{"geoid":"40143006901","tract":"69.01","county":"Tulsa","median_hh_income":77656,"moe":17711,"population":3950,"poverty_pct":5.0,"reliability":"ok"},"geometry":{"type":"Polygon","coordinates":[[[-95.940138,36.089792],[-95.922231,36.089827],[-95.922138,36.075326],[-95.940123,36.075327],[-95.940138,36.089792]]]}},{"type":"Feature","properties":{"geoid":"40143011400","tract":"114","county":"Tulsa","median_hh_income":39063,"moe":4988,"population":3069,"poverty_pct":31.6,"reliability":"ok"},"geometry":{"type":"Polygon","coordinates":[[[-95.993546,36.191454],[-95.975926,36.191415],[-95.975556,36.176926],[-95.993505,36.176913],[-95.993546,36.191454]]]}},{"type":"Feature","properties":{"geoid":"40143007646","tract":"76.46","county":"Tulsa","median_hh_income":52054,"moe":15405,"population":3310,"poverty_pct":22.9,"reliability":"wide"},"geometry":{"type":"Polygon","coordinates":[[[-95.886362,36.060871],[-95.868485,36.06091],[-95.868496,36.053629],[-95.886197,36.053604],[-95.886362,36.060871]]]}},{"type":"Feature","properties":{"geoid":"40143006711","tract":"67.11","county":"Tulsa","median_hh_income":70192,"moe":8795,"population":3077,"poverty_pct":11.9,"reliability":"ok"},"geometry":{"type":"Polygon","coordinates":[[[-96.029583,36.075366],[-95.986073,36.075194],[-95.979026,36.060763],[-96.029542,36.060957],[-96.029583,36.075366]]]}},{"type":"Feature","properties":{"geoid":"40143007630","tract":"76.30","county":"Tulsa","median_hh_income":87672,"moe":10093,"population":4865,"poverty_pct":9.4,"reliability":"ok"},"geometry":{"type":"Polygon","coordinates":[[[-95.88652,36.017297],[-95.886486,36.031823],[-95.868513,36.031929],[-95.86853,36.017378],[-95.88652,36.017297]]]}},{"type":"Feature","properties":{"geoid":"40113940006","tract":"9400.06","county":"Osage","median_hh_income":47101,"moe":13297,"population":5484,"poverty_pct":19.9,"reliability":"wide"},"geometry":{"type":"Polygon","coordinates":[[[-96.02881,36.16268],[-96.028481,36.187145],[-96.01441,36.187345],[-96.007309,36.191128],[-96.003959,36.191888],[-96.001249,36.191717],[-96.001226,36.161296],[-96.029233,36.16122],[-96.02881,36.16268]]]}},{"type":"Feature","properties":{"geoid":"40143004302","tract":"43.02","county":"Tulsa","median_hh_income":145699,"moe":26691,"population":3862,"poverty_pct":3.1,"reliability":"ok"},"geometry":{"type":"Polygon","coordinates":[[[-95.975746,36.11887],[-95.95815000000002,36.118789],[-95.95799,36.104252],[-95.97573,36.104313],[-95.975746,36.11887]]]}},{"type":"Feature","properties":{"geoid":"40143007614","tract":"76.14","county":"Tulsa","median_hh_income":77982,"moe":14658,"population":2626,"poverty_pct":12.3,"reliability":"ok"},"geometry":{"type":"Polygon","coordinates":[[[-95.941199,36.052831000000005],[-95.939951,36.055021],[-95.939898,36.060831],[-95.92207,36.060825],[-95.922128,36.046384],[-95.94002,36.046411],[-95.941199,36.052831000000005]]]}},{"type":"Feature","properties":{"geoid":"40143009006","tract":"90.06","county":"Tulsa","median_hh_income":70919,"moe":7939,"population":6840,"poverty_pct":18.1,"reliability":"ok"},"geometry":{"type":"Polygon","coordinates":[[[-95.851105,36.119003],[-95.833236,36.118926],[-95.833087,36.104522],[-95.851055,36.104484],[-95.851105,36.119003]]]}},{"type":"Feature","properties":{"geoid":"40143009011","tract":"90.11","county":"Tulsa","median_hh_income":31594,"moe":6659,"population":2519,"poverty_pct":34.3,"reliability":"ok"},"geometry":{"type":"Polygon","coordinates":[[[-95.86869300000001,36.104481],[-95.868679,36.118952],[-95.8596,36.119017],[-95.85954,36.104473000000006],[-95.86869300000001,36.104481]]]}},{"type":"Feature","properties":{"geoid":"40143007531","tract":"75.31","county":"Tulsa","median_hh_income":99850,"moe":13096,"population":4250,"poverty_pct":3.1,"reliability":"ok"},"geometry":{"type":"Polygon","coordinates":[[[-95.852068,35.996648],[-95.851055,35.999106],[-95.85097200000001,36.017315],[-95.81527200000001,36.017407],[-95.815239,35.988335],[-95.850946,35.988323],[-95.850886,35.992064],[-95.85183200000002,35.993834],[-95.852068,35.996648]]]}},{"type":"Feature","properties":{"geoid":"40143009403","tract":"94.03","county":"Tulsa","median_hh_income":80891,"moe":5397,"population":3677,"poverty_pct":3.2,"reliability":"ok"},"geometry":{"type":"Polygon","coordinates":[[[-96.136926,36.09015],[-96.136798,36.104735],[-96.117048,36.104665],[-96.116872,36.098594],[-96.11914400000002,36.09017],[-96.136926,36.09015]]]}},{"type":"Feature","properties":{"geoid":"40143007412","tract":"74.12","county":"Tulsa","median_hh_income":112250,"moe":21961,"population":3517,"poverty_pct":1.4,"reliability":"ok"},"geometry":{"type":"Polygon","coordinates":[[[-95.85101,36.046301],[-95.85096,36.060874],[-95.833117,36.060867],[-95.833167,36.046346],[-95.85101,36.046301]]]}},{"type":"Feature","properties":{"geoid":"40143004200","tract":"42","county":"Tulsa","median_hh_income":135063,"moe":14770,"population":2996,"poverty_pct":2.1,"reliability":"ok"},"geometry":{"type":"Polygon","coordinates":[[[-95.95819900000001,36.13323],[-95.940354,36.133284],[-95.940271,36.118766],[-95.95815000000002,36.118789],[-95.95819900000001,36.13323]]]}},{"type":"Feature","properties":{"geoid":"40143005100","tract":"51","county":"Tulsa","median_hh_income":168189,"moe":17161,"population":1842,"poverty_pct":9.1,"reliability":"ok"},"geometry":{"type":"Polygon","coordinates":[[[-95.95799,36.104252],[-95.940216,36.104313],[-95.940122,36.090606],[-95.957943,36.090398],[-95.95799,36.104252]]]}},{"type":"Feature","properties":{"geoid":"40143007200","tract":"72","county":"Tulsa","median_hh_income":60175,"moe":10403,"population":4040,"poverty_pct":15.6,"reliability":"ok"},"geometry":{"type":"Polygon","coordinates":[[[-95.90457,36.160741],[-95.886718,36.160721],[-95.886665,36.14799],[-95.904547,36.14793],[-95.90457,36.160741]]]}},{"type":"Feature","properties":{"geoid":"40143007511","tract":"75.11","county":"Tulsa","median_hh_income":86250,"moe":10558,"population":3431,"poverty_pct":6.2,"reliability":"ok"},"geometry":{"type":"Polygon","coordinates":[[[-95.797462,36.017464],[-95.76165,36.017439],[-95.76163200000002,36.002901],[-95.778386,36.003156],[-95.778879,36.002879],[-95.79741,36.002898],[-95.797462,36.017464]]]}},{"type":"Feature","properties":{"geoid":"40143007653","tract":"76.53","county":"Tulsa","median_hh_income":162361,"moe":28851,"population":2161,"poverty_pct":2.8,"reliability":"ok"},"geometry":{"type":"Polygon","coordinates":[[[-95.922259,36.002822],[-95.904335,36.002804],[-95.904445,35.98829],[-95.922254,35.98836],[-95.922259,36.002822]]]}},{"type":"Feature","properties":{"geoid":"40143009012","tract":"90.12","county":"Tulsa","median_hh_income":52174,"moe":8399,"population":3322,"poverty_pct":33.5,"reliability":"ok"},"geometry":{"type":"Polygon","coordinates":[[[-95.8596,36.119017],[-95.851105,36.119003],[-95.851055,36.104484],[-95.85954,36.104473000000006],[-95.8596,36.119017]]]}},{"type":"Feature","properties":{"geoid":"40143007707","tract":"77.07","county":"Tulsa","median_hh_income":78580,"moe":4858,"population":4037,"poverty_pct":13.3,"reliability":"ok"},"geometry":{"type":"Polygon","coordinates":[[[-96.029544,35.988387],[-95.993797,35.988353],[-95.993826,35.959174],[-96.029477,35.959198],[-96.029544,35.988387]]]}},{"type":"Feature","properties":{"geoid":"40143005300","tract":"53","county":"Tulsa","median_hh_income":66971,"moe":20243,"population":4415,"poverty_pct":16.8,"reliability":"wide"},"geometry":{"type":"Polygon","coordinates":[[[-95.922477,36.133309],[-95.904616,36.133428],[-95.904541,36.118897],[-95.922367,36.118809],[-95.922477,36.133309]]]}},{"type":"Feature","properties":{"geoid":"40143009021","tract":"90.21","county":"Tulsa","median_hh_income":58889,"moe":20188,"population":2391,"poverty_pct":9.7,"reliability":"wide"},"geometry":{"type":"Polygon","coordinates":[[[-95.779652,36.089943],[-95.761669,36.089958],[-95.761652,36.075451],[-95.779465,36.075524],[-95.779652,36.089943]]]}},{"type":"Feature","properties":{"geoid":"40143007314","tract":"73.14","county":"Tulsa","median_hh_income":53592,"moe":9204,"population":3742,"poverty_pct":15.3,"reliability":"ok"},"geometry":{"type":"Polygon","coordinates":[[[-95.870297,36.133471],[-95.859766,36.133473],[-95.8596,36.119017],[-95.869877,36.118963],[-95.869215,36.125738],[-95.870297,36.133471]]]}},{"type":"Feature","properties":{"geoid":"40143009015","tract":"90.15","county":"Tulsa","median_hh_income":105833,"moe":20473,"population":4664,"poverty_pct":11.4,"reliability":"ok"},"geometry":{"type":"Polygon","coordinates":[[[-95.779652,36.089943],[-95.779571,36.104412],[-95.761667,36.10445],[-95.761669,36.089958],[-95.779652,36.089943]]]}},{"type":"Feature","properties":{"geoid":"40143007409","tract":"74.09","county":"Tulsa","median_hh_income":83922,"moe":9440,"population":4376,"poverty_pct":9.1,"reliability":"ok"},"geometry":{"type":"Polygon","coordinates":[[[-95.851042,36.075387],[-95.815305,36.075388],[-95.815295,36.060908],[-95.85096,36.060874],[-95.851042,36.075387]]]}},{"type":"Feature","properties":{"geoid":"40143000800","tract":"8","county":"Tulsa","median_hh_income":70037,"moe":15851,"population":1392,"poverty_pct":26.4,"reliability":"ok"},"geometry":{"type":"Polygon","coordinates":[[[-96.001249,36.191717],[-95.993546,36.191454],[-95.993505,36.176913],[-96.001236,36.176941],[-96.001249,36.191717]]]}},{"type":"Feature","properties":{"geoid":"40143003700","tract":"37","county":"Tulsa","median_hh_income":80568,"moe":6101,"population":2708,"poverty_pct":12.2,"reliability":"ok"},"geometry":{"type":"Polygon","coordinates":[[[-95.9404,36.147836],[-95.922513,36.147758],[-95.922477,36.133309],[-95.940354,36.133284],[-95.9404,36.147836]]]}},{"type":"Feature","properties":{"geoid":"40143007608","tract":"76.08","county":"Tulsa","median_hh_income":33207,"moe":6630,"population":2227,"poverty_pct":44.5,"reliability":"ok"},"geometry":{"type":"Polygon","coordinates":[[[-95.986073,36.075194],[-95.975778,36.075214],[-95.975798,36.066116],[-95.976541,36.062502],[-95.975818,36.060681],[-95.979026,36.060763],[-95.986073,36.075194]]]}},{"type":"Feature","properties":{"geoid":"40143007633","tract":"76.33","county":"Tulsa","median_hh_income":120688,"moe":21067,"population":2635,"poverty_pct":4.8,"reliability":"ok"},"geometry":{"type":"Polygon","coordinates":[[[-95.922171,36.017334],[-95.92215,36.031868],[-95.904262,36.031839],[-95.904232,36.017334],[-95.922171,36.017334]]]}},{"type":"Feature","properties":{"geoid":"40143007408","tract":"74.08","county":"Tulsa","median_hh_income":36355,"moe":1034,"population":1167,"poverty_pct":35.5,"reliability":"ok"},"geometry":{"type":"Polygon","coordinates":[[[-95.779553,36.061018],[-95.761674,36.060947],[-95.76163200000002,36.046435],[-95.779533,36.046499],[-95.779553,36.061018]]]}},{"type":"Feature","properties":{"geoid":"40143005403","tract":"54.03","county":"Tulsa","median_hh_income":68693,"moe":15459,"population":3924,"poverty_pct":12.2,"reliability":"ok"},"geometry":{"type":"Polygon","coordinates":[[[-95.866315,36.3511],[-95.866301,36.380172],[-95.833843,36.380063],[-95.831129,36.375505],[-95.830808,36.372935],[-95.8311,36.37147900000001],[-95.841395,36.351095],[-95.866315,36.3511]]]}},{"type":"Feature","properties":{"geoid":"40143009404","tract":"94.04","county":"Tulsa","median_hh_income":104861,"moe":22522,"population":2998,"poverty_pct":22.4,"reliability":"ok"},"geometry":{"type":"Polygon","coordinates":[[[-96.175037,36.10468900000001],[-96.136798,36.104735],[-96.136926,36.09015],[-96.11914400000002,36.09017],[-96.119018,36.075642],[-96.172772,36.075695],[-96.172696,36.090225],[-96.17498900000001,36.090286],[-96.175037,36.10468900000001]]]}},{"type":"Feature","properties":{"geoid":"40143000500","tract":"5","county":"Tulsa","median_hh_income":32356,"moe":5440,"population":2226,"poverty_pct":39.2,"reliability":"ok"},"geometry":{"type":"Polygon","coordinates":[[[-95.975926,36.191415],[-95.958168,36.191624],[-95.955461,36.191577],[-95.959378,36.189362],[-95.96072,36.185958],[-95.962621,36.184336],[-95.973494,36.176981],[-95.975556,36.176926],[-95.975926,36.191415]]]}},{"type":"Feature","properties":{"geoid":"40143001600","tract":"16","county":"Tulsa","median_hh_income":41250,"moe":17172,"population":5290,"poverty_pct":34.3,"reliability":"wide"},"geometry":{"type":"Polygon","coordinates":[[[-95.922503,36.177068],[-95.904559,36.177079],[-95.90457,36.160741],[-95.92248,36.160741],[-95.922503,36.177068]]]}},{"type":"Feature","properties":{"geoid":"40143002100","tract":"21","county":"Tulsa","median_hh_income":22583,"moe":5845,"population":3502,"poverty_pct":44.6,"reliability":"wide"},"geometry":{"type":"Polygon","coordinates":[[[-95.958186,36.154677],[-95.940317,36.154693],[-95.9404,36.147836],[-95.958184,36.147783],[-95.958186,36.154677]]]}},{"type":"Feature","properties":{"geoid":"40143003900","tract":"39","county":"Tulsa","median_hh_income":75078,"moe":7059,"population":3820,"poverty_pct":7.0,"reliability":"ok"},"geometry":{"type":"Polygon","coordinates":[[[-95.940354,36.133284],[-95.922477,36.133309],[-95.922367,36.118809],[-95.940271,36.118766],[-95.940354,36.133284]]]}},{"type":"Feature","properties":{"geoid":"40143004500","tract":"45","county":"Tulsa","median_hh_income":195762,"moe":37964,"population":2967,"poverty_pct":1.0,"reliability":"ok"},"geometry":{"type":"Polygon","coordinates":[[[-95.992178,36.131829],[-95.98895900000001,36.133371000000004],[-95.975636,36.133354],[-95.975746,36.11887],[-95.986974,36.118993],[-95.987401,36.121198],[-95.992178,36.131829]]]}},{"type":"Feature","properties":{"geoid":"40143004800","tract":"48","county":"Tulsa","median_hh_income":53495,"moe":6243,"population":4278,"poverty_pct":25.3,"reliability":"ok"},"geometry":{"type":"Polygon","coordinates":[[[-96.039644,36.089252],[-96.036029,36.093072],[-96.031677,36.095913],[-96.025098,36.101524],[-96.021467,36.104054],[-96.018437,36.108078],[-96.013044,36.112248],[-96.011198,36.11463],[-96.012188,36.110716],[-96.011611,36.108058],[-96.011653,36.08895900000001],[-96.039644,36.089252]]]}},{"type":"Feature","properties":{"geoid":"40143005700","tract":"57","county":"Tulsa","median_hh_income":43000,"moe":10778,"population":2196,"poverty_pct":26.5,"reliability":"wide"},"geometry":{"type":"Polygon","coordinates":[[[-95.975546,36.235011],[-95.945228,36.235174],[-95.945275,36.225061],[-95.947573,36.223292],[-95.949273,36.223192],[-95.949073,36.221392],[-95.951073,36.219092],[-95.952673,36.220592],[-95.975538,36.220513],[-95.975546,36.235011]]]}},{"type":"Feature","properties":{"geoid":"40143006200","tract":"62","county":"Tulsa","median_hh_income":30000,"moe":9144,"population":2630,"poverty_pct":32.9,"reliability":"wide"},"geometry":{"type":"Polygon","coordinates":[[[-96.001266,36.205917],[-95.958253,36.20614],[-95.958204,36.204778],[-95.972387,36.198684],[-95.975473,36.19803],[-95.975926,36.191415],[-95.993546,36.191454],[-96.001249,36.191717],[-96.001266,36.205917]]]}},{"type":"Feature","properties":{"geoid":"40143006801","tract":"68.01","county":"Tulsa","median_hh_income":33430,"moe":3297,"population":3471,"poverty_pct":47.2,"reliability":"ok"},"geometry":{"type":"Polygon","coordinates":[[[-95.987955,36.089953],[-95.975705,36.089666],[-95.975778,36.075214],[-95.986073,36.075194],[-95.987955,36.089953]]]}},{"type":"Feature","properties":{"geoid":"40143007101","tract":"71.01","county":"Tulsa","median_hh_income":48036,"moe":9270,"population":3958,"poverty_pct":27.0,"reliability":"ok"},"geometry":{"type":"Polygon","coordinates":[[[-95.904616,36.133428],[-95.904547,36.14793],[-95.886665,36.14799],[-95.88667000000001,36.133496],[-95.904616,36.133428]]]}},{"type":"Feature","properties":{"geoid":"40143007304","tract":"73.04","county":"Tulsa","median_hh_income":51333,"moe":11339,"population":4071,"poverty_pct":31.8,"reliability":"ok"},"geometry":{"type":"Polygon","coordinates":[[[-95.869245,36.133507],[-95.864545,36.136807],[-95.864575,36.147979],[-95.851178,36.14801],[-95.851065,36.133459],[-95.869245,36.133507]]]}},{"type":"Feature","properties":{"geoid":"40143007312","tract":"73.12","county":"Tulsa","median_hh_income":57688,"moe":6376,"population":4926,"poverty_pct":18.4,"reliability":"ok"},"geometry":{"type":"Polygon","coordinates":[[[-95.833222,36.133445],[-95.815406,36.133467],[-95.815393,36.118945000000004],[-95.833236,36.118926],[-95.833222,36.133445]]]}},{"type":"Feature","properties":{"geoid":"40143006907","tract":"69.07","county":"Tulsa","median_hh_income":53151,"moe":9120,"population":3253,"poverty_pct":15.1,"reliability":"ok"},"geometry":{"type":"Polygon","coordinates":[[[-95.886526,36.0899],[-95.86859,36.089956],[-95.86856,36.075415],[-95.886398,36.075348],[-95.886526,36.0899]]]}},{"type":"Feature","properties":{"geoid":"40143007900","tract":"79","county":"Tulsa","median_hh_income":40233,"moe":9314,"population":4253,"poverty_pct":32.3,"reliability":"ok"},"geometry":{"type":"Polygon","coordinates":[[[-96.001418,36.220637],[-96.001399,36.234953],[-95.975546,36.235011],[-95.975538,36.220513],[-96.001418,36.220637]]]}},{"type":"Feature","properties":{"geoid":"40143008900","tract":"89","county":"Tulsa","median_hh_income":53661,"moe":12472,"population":3317,"poverty_pct":17.4,"reliability":"ok"},"geometry":{"type":"Polygon","coordinates":[[[-95.86882000000001,36.147976],[-95.868723,36.160666],[-95.851196,36.16066],[-95.851178,36.14801],[-95.86882000000001,36.147976]]]}},{"type":"Feature","properties":{"geoid":"40143006906","tract":"69.06","county":"Tulsa","median_hh_income":56686,"moe":9504,"population":1814,"poverty_pct":13.3,"reliability":"ok"},"geometry":{"type":"Polygon","coordinates":[[[-95.886612,36.104424],[-95.86869300000001,36.104481],[-95.86859,36.089956],[-95.886526,36.0899],[-95.886612,36.104424]]]}},{"type":"Feature","properties":{"geoid":"40143000300","tract":"3","county":"Tulsa","median_hh_income":43917,"moe":4500,"population":4502,"poverty_pct":36.3,"reliability":"ok"},"geometry":{"type":"Polygon","coordinates":[[[-95.940282,36.17713],[-95.940307,36.191573],[-95.922446,36.191576],[-95.922503,36.177068],[-95.940282,36.17713]]]}},{"type":"Feature","properties":{"geoid":"40143005801","tract":"58.01","county":"Tulsa","median_hh_income":63008,"moe":7157,"population":4129,"poverty_pct":17.5,"reliability":"ok"},"geometry":{"type":"Polygon","coordinates":[[[-95.870727,36.258273],[-95.86955,36.258762],[-95.868325,36.260325],[-95.869588,36.263395],[-95.869075,36.264082],[-95.869226,36.265233],[-95.868041,36.265745],[-95.86682000000002,36.267033],[-95.867332,36.272158],[-95.86543600000002,36.274461],[-95.863538,36.277964],[-95.861703,36.278571],[-95.861693,36.279314],[-95.860811,36.279866],[-95.860043,36.281342],[-95.858891,36.281862],[-95.858576,36.282912],[-95.854476,36.288196],[-95.84814,36.291304],[-95.848295,36.281098],[-95.850479,36.278554],[-95.848092,36.278568],[-95.847866,36.252831],[-95.85343,36.253233],[-95.854397,36.254282],[-95.854486,36.256103],[-95.855444,36.25679],[-95.856583,36.25677],[-95.857932,36.255724],[-95.859736,36.249705],[-95.859964,36.25011],[-95.86114,36.250314],[-95.86470100000001,36.248085],[-95.867377,36.248212],[-95.866459,36.249689],[-95.866411,36.253549],[-95.868203,36.253495],[-95.869554,36.25415600000001],[-95.868674,36.255623],[-95.869929,36.255928],[-95.86981700000001,36.254705],[-95.871256,36.254693],[-95.870712,36.25563],[-95.871463,36.256952],[-95.870727,36.258273]]]}},{"type":"Feature","properties":{"geoid":"40143009500","tract":"95","county":"Tulsa","median_hh_income":82567,"moe":9360,"population":5562,"poverty_pct":11.5,"reliability":"ok"},"geometry":{"type":"Polygon","coordinates":[[[-96.297905,36.075766],[-96.297888,36.162279],[-96.174638,36.161064],[-96.172761,36.160257],[-96.173118,36.156536],[-96.170746,36.153317],[-96.169159,36.151695],[-96.166337,36.150756],[-96.164393,36.149257],[-96.162834,36.145875],[-96.172641,36.146586],[-96.172728,36.133833],[-96.174918,36.130862],[-96.17785300000001,36.128937],[-96.17589,36.126085],[-96.17720200000001,36.124649],[-96.17909,36.123909],[-96.176994,36.123093],[-96.182442,36.121416],[-96.18485,36.118324],[-96.184482,36.117564],[-96.18589,36.115532],[-96.183642,36.114996],[-96.183586,36.1134],[-96.18465000000002,36.1107],[-96.184714,36.10818],[-96.187321,36.107023],[-96.188734,36.105435],[-96.188177,36.104771],[-96.175037,36.10468900000001],[-96.17498900000001,36.090286],[-96.172696,36.090225],[-96.172772,36.075695],[-96.297905,36.075766]]]}},{"type":"Feature","properties":{"geoid":"40143000400","tract":"4","county":"Tulsa","median_hh_income":36410,"moe":6716,"population":4074,"poverty_pct":37.0,"reliability":"ok"},"geometry":{"type":"Polygon","coordinates":[[[-95.958239,36.177129],[-95.95819,36.190137],[-95.955461,36.191577],[-95.940307,36.191573],[-95.940282,36.17713],[-95.958239,36.177129]]]}},{"type":"Feature","properties":{"geoid":"40113940009","tract":"9400.09","county":"Osage","median_hh_income":90396,"moe":11277,"population":3194,"poverty_pct":6.2,"reliability":"ok"},"geometry":{"type":"Polygon","coordinates":[[[-96.239603,36.401296],[-96.235305,36.405137],[-96.23304,36.406507],[-96.232727,36.409238],[-96.233749,36.413427],[-96.235203,36.415541000000005],[-96.23548,36.417195],[-96.232948,36.417185],[-96.230044,36.419477],[-96.22744,36.4199],[-96.223574,36.419864],[-96.219678,36.421162],[-96.217108,36.424167],[-96.213793,36.423851],[-96.21114,36.42431],[-96.209034,36.424222],[-96.204462,36.424903],[-96.202663,36.425567],[-96.19978,36.424848],[-96.191133,36.426961],[-96.18517800000001,36.430025],[-96.182764,36.430586],[-96.179304,36.430022],[-96.17655300000001,36.431662],[-96.175284,36.43408],[-96.173364,36.435493],[-96.170139,36.435413],[-96.165252,36.438224],[-96.162924,36.438447],[-96.160327,36.438077],[-96.157154,36.439428],[-96.155177,36.439486],[-96.152165,36.437781],[-96.150552,36.43779],[-96.144307,36.441521],[-96.141702,36.441944],[-96.139175,36.441204],[-96.137674,36.44014],[-96.13558,36.435139],[-96.132148,36.433799],[-96.12412,36.437193],[-96.116174,36.437747],[-96.109624,36.434051],[-96.102,36.433944],[-96.097386,36.435623],[-96.091995,36.444099],[-96.090791,36.444728],[-96.089337,36.444519],[-96.083226,36.441208],[-96.071543,36.439933],[-96.06861,36.441123],[-96.063623,36.440693],[-96.061871,36.440997],[-96.059302,36.442782],[-96.055204,36.444252],[-96.053757,36.44400400000001],[-96.052198,36.443025],[-96.048107,36.439079],[-96.041627,36.43390900000001],[-96.036448,36.427773],[-96.036817,36.421607],[-96.035759,36.415987],[-96.036414,36.403733],[-96.036924,36.401742],[-96.05164800000001,36.380294],[-96.051791,36.379225],[-96.051239,36.377909],[-96.049203,36.37529],[-96.048932,36.347013],[-96.04718,36.346977],[-96.047154,36.343325],[-96.047925,36.340043],[-96.04936,36.337925],[-96.049621,36.336845],[-96.049382,36.318093],[-96.066958,36.318059],[-96.067458,36.303167],[-96.067411,36.267653],[-96.076446,36.267784],[-96.07794,36.268228],[-96.08685,36.267148],[-96.100201,36.267232],[-96.103281,36.26862800000001],[-96.118297,36.266121],[-96.121334,36.265208],[-96.125973,36.264981],[-96.129473,36.265399],[-96.130674,36.264769],[-96.134707,36.260591],[-96.13538900000002,36.258934],[-96.138278,36.257888],[-96.140882,36.257436],[-96.144211,36.256181],[-96.152355,36.256232],[-96.157001,36.254287],[-96.161632,36.253353],[-96.164134,36.25502300000001],[-96.165509,36.257352],[-96.168077,36.258885],[-96.168003,36.263983],[-96.168838,36.265435],[-96.174815,36.269595],[-96.174984,36.274449],[-96.181954,36.278691],[-96.191511,36.281174],[-96.19234,36.281762],[-96.192654,36.282235],[-96.192823,36.288735],[-96.19959500000002,36.289873],[-96.205488,36.296963000000005],[-96.208886,36.298214],[-96.210928,36.300738],[-96.211837,36.303647],[-96.210013,36.310788],[-96.21241,36.31450600000001],[-96.21502,36.315811],[-96.217066,36.315498],[-96.219613,36.317066000000004],[-96.222483,36.320166],[-96.221836,36.332005],[-96.220973,36.338109],[-96.223866,36.341327],[-96.23139,36.342327],[-96.232825,36.346607],[-96.233384,36.352026],[-96.232369,36.35485],[-96.230284,36.358424],[-96.230216,36.36117],[-96.230925,36.362154],[-96.232916,36.363184],[-96.234985,36.365146],[-96.236813,36.370119],[-96.236088,36.373573],[-96.236786,36.377079],[-96.235562,36.381597],[-96.231955,36.384239],[-96.22927400000002,36.388131],[-96.231204,36.391351],[-96.235858,36.394726],[-96.238437,36.395974],[-96.240457,36.399172],[-96.239603,36.401296]]]}},{"type":"Feature","properties":{"geoid":"40143002900","tract":"29","county":"Tulsa","median_hh_income":44452,"moe":10060,"population":2791,"poverty_pct":25.7,"reliability":"ok"},"geometry":{"type":"Polygon","coordinates":[[[-96.083688,36.160631],[-96.082498,36.161005],[-96.029233,36.16122],[-96.029224,36.156882],[-96.033548,36.157349],[-96.038238,36.156166],[-96.038272,36.154811],[-96.043782,36.153794],[-96.044954,36.151646],[-96.044956,36.15346],[-96.04718500000001,36.152809],[-96.049506,36.151301],[-96.052676,36.15162],[-96.054005,36.151173],[-96.053993,36.14976],[-96.056158,36.149786],[-96.056187,36.150508],[-96.060599,36.149161],[-96.06066000000001,36.148363],[-96.063578,36.148275],[-96.083392,36.142175],[-96.08331500000001,36.158538],[-96.083688,36.160631]]]}},{"type":"Feature","properties":{"geoid":"40143007520","tract":"75.20","county":"Tulsa","median_hh_income":115058,"moe":22973,"population":4189,"poverty_pct":3.0,"reliability":"ok"},"geometry":{"type":"Polygon","coordinates":[[[-95.868621,35.988326],[-95.86853,36.017378],[-95.85097200000001,36.017315],[-95.851055,35.999106],[-95.852068,35.996648],[-95.852068,35.994763],[-95.850886,35.992064],[-95.850946,35.988323],[-95.868621,35.988326]]]}},{"type":"Feature","properties":{"geoid":"40143005900","tract":"59","county":"Tulsa","median_hh_income":50987,"moe":7470,"population":2603,"poverty_pct":25.2,"reliability":"ok"},"geometry":{"type":"Polygon","coordinates":[[[-95.868809,36.24526],[-95.867377,36.248212],[-95.86470100000001,36.248085],[-95.86114,36.250314],[-95.859964,36.25011],[-95.859736,36.249705],[-95.857932,36.255724],[-95.857134,36.25655],[-95.856115,36.25684],[-95.855038,36.256648],[-95.854486,36.256103],[-95.854397,36.254282],[-95.85343,36.253233],[-95.847866,36.252831],[-95.848012,36.24952],[-95.81534,36.24953],[-95.815,36.2306],[-95.815344,36.222296],[-95.815415,36.160631],[-95.868723,36.160666],[-95.868809,36.24526]]]}},{"type":"Feature","properties":{"geoid":"40143006506","tract":"65.06","county":"Tulsa","median_hh_income":93167,"moe":8245,"population":2334,"poverty_pct":9.2,"reliability":"ok"},"geometry":{"type":"Polygon","coordinates":[[[-96.117202,36.108234],[-96.11638,36.113751],[-96.116029,36.123214],[-96.104894,36.122658],[-96.101247,36.123571],[-96.094833,36.126251],[-96.090976,36.126829],[-96.090416,36.125958],[-96.089705,36.126394],[-96.083101,36.126402],[-96.083146,36.122784],[-96.07868,36.122744],[-96.078717,36.120969],[-96.076482,36.120973],[-96.076403,36.124562],[-96.069708,36.124504],[-96.069674,36.122849],[-96.065223,36.122777],[-96.065236,36.105821],[-96.063894,36.105108],[-96.063631,36.104563],[-96.117048,36.104665],[-96.117202,36.108234]]]}},{"type":"Feature","properties":{"geoid":"40143007634","tract":"76.34","county":"Tulsa","median_hh_income":74868,"moe":6063,"population":3571,"poverty_pct":4.6,"reliability":"ok"},"geometry":{"type":"Polygon","coordinates":[[[-95.959076,36.031911],[-95.92215,36.031868],[-95.922171,36.017334],[-95.950546,36.017157],[-95.950371,36.017989],[-95.952406,36.025358],[-95.952842,36.025277],[-95.95464700000001,36.028299],[-95.959076,36.031911]]]}},{"type":"Feature","properties":{"geoid":"40143005809","tract":"58.09","county":"Tulsa","median_hh_income":87721,"moe":12530,"population":8172,"poverty_pct":6.5,"reliability":"ok"},"geometry":{"type":"Polygon","coordinates":[[[-95.871191,36.291214],[-95.866205,36.305693],[-95.866188,36.307521],[-95.830162,36.30756],[-95.830183,36.292988],[-95.848142,36.292985],[-95.84814,36.291304],[-95.854476,36.288196],[-95.858576,36.282912],[-95.858891,36.281862],[-95.860043,36.281342],[-95.860811,36.279866],[-95.861693,36.279314],[-95.861703,36.278571],[-95.863538,36.277964],[-95.865579,36.274369],[-95.871142,36.286035],[-95.871697,36.288695],[-95.871191,36.291214]]]}},{"type":"Feature","properties":{"geoid":"40143007804","tract":"78.04","county":"Tulsa","median_hh_income":103349,"moe":21664,"population":3035,"poverty_pct":5.2,"reliability":"ok"},"geometry":{"type":"Polygon","coordinates":[[[-95.944073,35.85658],[-95.944,35.901122],[-95.940298,35.901105],[-95.94021200000002,35.915603],[-95.850877,35.915648],[-95.839643,35.915413],[-95.830232,35.914434],[-95.801986,35.920781],[-95.778775,35.920642],[-95.774512,35.91913100000001],[-95.761698,35.909297],[-95.762029,35.901151],[-95.819477,35.901094],[-95.819459,35.856255],[-95.944073,35.85658]]]}},{"type":"Feature","properties":{"geoid":"40143007535","tract":"75.35","county":"Tulsa","median_hh_income":91667,"moe":14206,"population":2572,"poverty_pct":2.0,"reliability":"ok"},"geometry":{"type":"Polygon","coordinates":[[[-95.79741,36.002898],[-95.778879,36.002879],[-95.778386,36.003156],[-95.76163200000002,36.002901],[-95.761656,35.988387],[-95.797393,35.988356],[-95.79741,36.002898]]]}},{"type":"Feature","properties":{"geoid":"40143007534","tract":"75.34","county":"Tulsa","median_hh_income":108243,"moe":15759,"population":3160,"poverty_pct":17.3,"reliability":"ok"},"geometry":{"type":"Polygon","coordinates":[[[-95.815142,35.973853],[-95.761623,35.973795],[-95.761703,35.918031],[-95.763095,35.918276],[-95.763963,35.9192],[-95.767479,35.925124],[-95.770055,35.933396],[-95.772063,35.9376],[-95.771247,35.939904],[-95.770903,35.945916],[-95.774279,35.947936],[-95.779079,35.952452],[-95.788791,35.957784],[-95.79116,35.960452],[-95.79412800000001,35.962924],[-95.795912,35.962792],[-95.799056,35.960004],[-95.80072,35.959296],[-95.814934,35.959647],[-95.815142,35.973853]]]}},{"type":"Feature","properties":{"geoid":"40143007650","tract":"76.50","county":"Tulsa","median_hh_income":45300,"moe":11790,"population":2688,"poverty_pct":29.1,"reliability":"wide"},"geometry":{"type":"Polygon","coordinates":[[[-95.974472,36.046295],[-95.965355,36.046616],[-95.949071,36.046422],[-95.948946,36.031806],[-95.959076,36.031911],[-95.962864,36.036243],[-95.963584,36.038523],[-95.96888,36.043607],[-95.974472,36.046295]]]}},{"type":"Feature","properties":{"geoid":"40143007532","tract":"75.32","county":"Tulsa","median_hh_income":138418,"moe":8068,"population":4329,"poverty_pct":2.4,"reliability":"ok"},"geometry":{"type":"Polygon","coordinates":[[[-95.868621,35.988326],[-95.815239,35.988335],[-95.815142,35.973853],[-95.868673,35.973767],[-95.868621,35.988326]]]}},{"type":"Feature","properties":{"geoid":"40143007525","tract":"75.25","county":"Tulsa","median_hh_income":59708,"moe":7992,"population":1964,"poverty_pct":8.7,"reliability":"ok"},"geometry":{"type":"Polygon","coordinates":[[[-95.797462,36.017464],[-95.797457,36.031914],[-95.77959,36.03195],[-95.77962,36.017438],[-95.797462,36.017464]]]}},{"type":"Feature","properties":{"geoid":"40143007642","tract":"76.42","county":"Tulsa","median_hh_income":53974,"moe":8654,"population":1952,"poverty_pct":15.8,"reliability":"ok"},"geometry":{"type":"Polygon","coordinates":[[[-95.979026,36.060763],[-95.967134,36.060756],[-95.968086,36.057158],[-95.966567,36.053608],[-95.966544,36.051975],[-95.972216,36.046295],[-95.974472,36.046295],[-95.975772,36.047995],[-95.979026,36.060763]]]}},{"type":"Feature","properties":{"geoid":"40143007615","tract":"76.15","county":"Tulsa","median_hh_income":72250,"moe":40856,"population":2572,"poverty_pct":7.5,"reliability":"wide"},"geometry":{"type":"Polygon","coordinates":[[[-95.922138,36.075326],[-95.90433,36.075388],[-95.904221,36.060865],[-95.92207,36.060825],[-95.922138,36.075326]]]}},{"type":"Feature","properties":{"geoid":"40143007522","tract":"75.22","county":"Tulsa","median_hh_income":72216,"moe":13141,"population":2591,"poverty_pct":11.5,"reliability":"ok"},"geometry":{"type":"Polygon","coordinates":[[[-95.815243,36.002903],[-95.79741,36.002898],[-95.797393,35.988356],[-95.815239,35.988356],[-95.815243,36.002903]]]}},{"type":"Feature","properties":{"geoid":"40143006905","tract":"69.05","county":"Tulsa","median_hh_income":42442,"moe":8691,"population":4296,"poverty_pct":26.3,"reliability":"ok"},"geometry":{"type":"Polygon","coordinates":[[[-95.904532,36.104365],[-95.886612,36.104424],[-95.886526,36.0899],[-95.904353,36.089897],[-95.904532,36.104365]]]}},{"type":"Feature","properties":{"geoid":"40143008001","tract":"80.01","county":"Tulsa","median_hh_income":27083,"moe":10370,"population":1679,"poverty_pct":46.1,"reliability":"wide"},"geometry":{"type":"Polygon","coordinates":[[[-95.975538,36.220513],[-95.952673,36.220592],[-95.951073,36.219092],[-95.949073,36.221392],[-95.949273,36.223192],[-95.947573,36.223292],[-95.945275,36.225061],[-95.944581,36.215423],[-95.946982,36.206145],[-95.955714,36.206147],[-95.958204,36.204778],[-95.958253,36.20614],[-95.975535,36.205971],[-95.975538,36.220513]]]}},{"type":"Feature","properties":{"geoid":"40143008002","tract":"80.02","county":"Tulsa","median_hh_income":38750,"moe":14960,"population":2488,"poverty_pct":26.0,"reliability":"wide"},"geometry":{"type":"Polygon","coordinates":[[[-96.001418,36.220637],[-95.975538,36.220513],[-95.975535,36.205971],[-96.001266,36.205917],[-96.001418,36.220637]]]}},{"type":"Feature","properties":{"geoid":"40143008501","tract":"85.01","county":"Tulsa","median_hh_income":43466,"moe":5435,"population":2810,"poverty_pct":38.7,"reliability":"ok"},"geometry":{"type":"Polygon","coordinates":[[[-95.88667000000001,36.133496],[-95.870297,36.133471],[-95.869215,36.125738],[-95.869877,36.118963],[-95.886601,36.118893],[-95.88667000000001,36.133496]]]}},{"type":"Feature","properties":{"geoid":"40143008600","tract":"86","county":"Tulsa","median_hh_income":41701,"moe":3595,"population":4019,"poverty_pct":20.0,"reliability":"ok"},"geometry":{"type":"Polygon","coordinates":[[[-95.92233,36.104358],[-95.904532,36.104365],[-95.904353,36.089897],[-95.922231,36.089827],[-95.92233,36.104358]]]}},{"type":"Feature","properties":{"geoid":"40143007619","tract":"76.19","county":"Tulsa","median_hh_income":76974,"moe":10615,"population":3992,"poverty_pct":7.6,"reliability":"ok"},"geometry":{"type":"Polygon","coordinates":[[[-95.904226,36.046342],[-95.904221,36.060865],[-95.886362,36.060871],[-95.886196,36.046386],[-95.904226,36.046342]]]}},{"type":"Feature","properties":{"geoid":"40143005805","tract":"58.05","county":"Tulsa","median_hh_income":67833,"moe":6301,"population":8154,"poverty_pct":8.7,"reliability":"ok"},"geometry":{"type":"Polygon","coordinates":[[[-95.850479,36.278554],[-95.848295,36.281098],[-95.848142,36.292985],[-95.830183,36.292988],[-95.830165,36.249519],[-95.848012,36.24952],[-95.848092,36.278568],[-95.850479,36.278554]]]}},{"type":"Feature","properties":{"geoid":"40143007414","tract":"74.14","county":"Tulsa","median_hh_income":63646,"moe":8332,"population":2728,"poverty_pct":14.9,"reliability":"ok"},"geometry":{"type":"Polygon","coordinates":[[[-95.815305,36.075388],[-95.797448,36.075403],[-95.797439,36.060988],[-95.815295,36.060908],[-95.815305,36.075388]]]}},{"type":"Feature","properties":{"geoid":"40143005600","tract":"56","county":"Tulsa","median_hh_income":60216,"moe":10465,"population":2546,"poverty_pct":16.8,"reliability":"ok"},"geometry":{"type":"Polygon","coordinates":[[[-96.001317,36.279372],[-96.001327,36.334474],[-95.999191,36.335136],[-95.999172,36.333478],[-95.997824,36.332389],[-95.995921,36.331941],[-95.995619,36.32976],[-95.99378,36.330079],[-95.993862,36.329003],[-95.99138,36.32791],[-95.99143000000001,36.336625],[-95.92427400000001,36.336634],[-95.924042,36.300253],[-95.924372,36.293095],[-95.924023,36.278617],[-95.991421,36.278584],[-95.992338,36.27654],[-95.993184,36.27792],[-95.997965,36.278406],[-96.001317,36.279372]]]}},{"type":"Feature","properties":{"geoid":"40143005500","tract":"55","county":"Tulsa","median_hh_income":67929,"moe":18609,"population":3852,"poverty_pct":12.2,"reliability":"wide"},"geometry":{"type":"Polygon","coordinates":[[[-96.001327,36.334474],[-96.00117100000001,36.423686],[-95.920636,36.423702],[-95.920803,36.354737],[-95.921119,36.351328],[-95.923741,36.342202],[-95.92427400000001,36.336634],[-95.99143000000001,36.336625],[-95.99138,36.32791],[-95.993862,36.329003],[-95.99378,36.330079],[-95.995619,36.32976],[-95.995921,36.331941],[-95.997824,36.332389],[-95.999172,36.333478],[-95.999191,36.335136],[-96.001327,36.334474]]]}},{"type":"Feature","properties":{"geoid":"40143009101","tract":"91.01","county":"Tulsa","median_hh_income":41493,"moe":1548,"population":2722,"poverty_pct":38.5,"reliability":"ok"},"geometry":{"type":"Polygon","coordinates":[[[-96.001399,36.234953],[-96.001317,36.279372],[-95.997965,36.278406],[-95.993184,36.27792],[-95.992338,36.27654],[-95.991421,36.278584],[-95.973663,36.278585],[-95.97370900000001,36.251435],[-95.975449,36.248565],[-95.975546,36.235011],[-96.001399,36.234953]]]}},{"type":"Feature","properties":{"geoid":"40143007410","tract":"74.10","county":"Tulsa","median_hh_income":52411,"moe":11213,"population":2444,"poverty_pct":24.0,"reliability":"ok"},"geometry":{"type":"Polygon","coordinates":[[[-95.86856,36.075415],[-95.851042,36.075387],[-95.85096,36.060874],[-95.868485,36.06091],[-95.86856,36.075415]]]}},{"type":"Feature","properties":{"geoid":"40143007510","tract":"75.10","county":"Tulsa","median_hh_income":66350,"moe":4099,"population":5520,"poverty_pct":15.6,"reliability":"ok"},"geometry":{"type":"Polygon","coordinates":[[[-95.815343,36.046396],[-95.797436,36.046457],[-95.797457,36.031914],[-95.81532,36.031912],[-95.815343,36.046396]]]}},{"type":"Feature","properties":{"geoid":"40113940007","tract":"9400.07","county":"Osage","median_hh_income":82731,"moe":11388,"population":4538,"poverty_pct":7.7,"reliability":"ok"},"geometry":{"type":"Polygon","coordinates":[[[-96.278377,36.231367],[-96.277441,36.233179],[-96.273449,36.238426],[-96.27629,36.242591000000004],[-96.276778,36.246551],[-96.276608,36.249822],[-96.275932,36.252107],[-96.274774,36.253137],[-96.275187,36.255993],[-96.274691,36.258514],[-96.275795,36.260414],[-96.275834,36.264248],[-96.271941,36.266201],[-96.269784,36.265794],[-96.26718,36.266694],[-96.266646,36.267502],[-96.255547,36.267465],[-96.25535000000002,36.281123],[-96.254215,36.283918],[-96.255246,36.28535000000001],[-96.254591,36.289018],[-96.256956,36.29142],[-96.257511,36.296001],[-96.246932,36.296596],[-96.246369,36.297093000000004],[-96.246196,36.30369],[-96.23854800000001,36.319353],[-96.23482800000001,36.321577],[-96.221836,36.332005],[-96.222483,36.320166],[-96.219613,36.317066000000004],[-96.217066,36.315498],[-96.21502,36.315811],[-96.21241,36.31450600000001],[-96.210013,36.310788],[-96.211837,36.303647],[-96.210928,36.300738],[-96.208886,36.298214],[-96.205488,36.296963000000005],[-96.19959500000002,36.289873],[-96.192823,36.288735],[-96.192654,36.282235],[-96.19234,36.281762],[-96.191511,36.281174],[-96.181954,36.278691],[-96.174984,36.274449],[-96.174815,36.269595],[-96.168838,36.265435],[-96.168003,36.263983],[-96.168077,36.258885],[-96.165509,36.257352],[-96.164134,36.25502300000001],[-96.161632,36.253353],[-96.157001,36.254287],[-96.152355,36.256232],[-96.144211,36.256181],[-96.13538900000002,36.258934],[-96.134707,36.260591],[-96.130674,36.264769],[-96.129473,36.265399],[-96.125973,36.264981],[-96.121334,36.265208],[-96.121287,36.256625],[-96.122464,36.252608],[-96.124159,36.249829],[-96.123479,36.247207],[-96.12352,36.244739],[-96.120455,36.240714],[-96.117676,36.239222],[-96.113827,36.231089],[-96.113866,36.227212],[-96.114477,36.223225],[-96.11379,36.216233],[-96.111564,36.215178],[-96.108475,36.215098],[-96.107176,36.21468],[-96.105205,36.212865],[-96.105051,36.209751000000004],[-96.104229,36.209174],[-96.100747,36.209189],[-96.100286,36.208568],[-96.10009,36.193603],[-96.098149,36.18845],[-96.09804,36.180741],[-96.098724,36.179151],[-96.101626,36.176515],[-96.10095000000001,36.175853],[-96.101831,36.173919],[-96.102472,36.168474],[-96.104569,36.165792],[-96.104574,36.162051000000005],[-96.105736,36.160932],[-96.18964,36.161158],[-96.268287,36.16198],[-96.270207,36.167624],[-96.269183,36.173684],[-96.264525,36.179443],[-96.257727,36.183661],[-96.247559,36.191549],[-96.243967,36.196965],[-96.243047,36.200241],[-96.242823,36.204729],[-96.244607,36.210809],[-96.246344,36.214681],[-96.250288,36.219981],[-96.25396,36.223772],[-96.256624,36.225676],[-96.259432,36.226492],[-96.267329,36.227448],[-96.27948900000001,36.227079],[-96.278377,36.231367]]]}},{"type":"Feature","properties":{"geoid":"40143001400","tract":"14","county":"Tulsa","median_hh_income":44820,"moe":4184,"population":5192,"poverty_pct":27.6,"reliability":"ok"},"geometry":{"type":"Polygon","coordinates":[[[-95.958239,36.177129],[-95.940282,36.17713],[-95.94030200000002,36.160786],[-95.958173,36.160957],[-95.958239,36.177129]]]}},{"type":"Feature","properties":{"geoid":"40143001800","tract":"18","county":"Tulsa","median_hh_income":64659,"moe":8380,"population":1788,"poverty_pct":14.7,"reliability":"ok"},"geometry":{"type":"Polygon","coordinates":[[[-95.931453,36.147793],[-95.931407,36.160738],[-95.92248,36.160741],[-95.922513,36.147758],[-95.931453,36.147793]]]}},{"type":"Feature","properties":{"geoid":"40143001900","tract":"19","county":"Tulsa","median_hh_income":71518,"moe":15348,"population":1501,"poverty_pct":13.6,"reliability":"ok"},"geometry":{"type":"Polygon","coordinates":[[[-95.9404,36.147836],[-95.94030200000002,36.160786],[-95.931407,36.160738],[-95.931453,36.147793],[-95.9404,36.147836]]]}},{"type":"Feature","properties":{"geoid":"40143003500","tract":"35","county":"Tulsa","median_hh_income":69962,"moe":13671,"population":2003,"poverty_pct":17.1,"reliability":"ok"},"geometry":{"type":"Polygon","coordinates":[[[-95.958215,36.140514],[-95.958184,36.147783],[-95.9404,36.147836],[-95.940323,36.140558],[-95.958215,36.140514]]]}},{"type":"Feature","properties":{"geoid":"40143003800","tract":"38","county":"Tulsa","median_hh_income":63068,"moe":13442,"population":2030,"poverty_pct":13.7,"reliability":"ok"},"geometry":{"type":"Polygon","coordinates":[[[-95.922477,36.133309],[-95.922513,36.147758],[-95.904547,36.14793],[-95.904616,36.133428],[-95.922477,36.133309]]]}},{"type":"Feature","properties":{"geoid":"40143004301","tract":"43.01","county":"Tulsa","median_hh_income":196765,"moe":28857,"population":2330,"poverty_pct":5.1,"reliability":"ok"},"geometry":{"type":"Polygon","coordinates":[[[-95.975746,36.11887],[-95.975636,36.133354],[-95.95819900000001,36.13323],[-95.95815000000002,36.118789],[-95.975746,36.11887]]]}},{"type":"Feature","properties":{"geoid":"40143002000","tract":"20","county":"Tulsa","median_hh_income":57596,"moe":5680,"population":1787,"poverty_pct":17.4,"reliability":"ok"},"geometry":{"type":"Polygon","coordinates":[[[-95.958186,36.154677],[-95.958173,36.160957],[-95.94030200000002,36.160786],[-95.940317,36.154693],[-95.958186,36.154677]]]}},{"type":"Feature","properties":{"geoid":"40143007519","tract":"75.19","county":"Tulsa","median_hh_income":102313,"moe":14209,"population":3797,"poverty_pct":1.9,"reliability":"ok"},"geometry":{"type":"Polygon","coordinates":[[[-95.833167,36.046346],[-95.815343,36.046396],[-95.81532,36.031912],[-95.833216,36.031882],[-95.833167,36.046346]]]}},{"type":"Feature","properties":{"geoid":"40143009008","tract":"90.08","county":"Tulsa","median_hh_income":34879,"moe":2334,"population":3584,"poverty_pct":32.6,"reliability":"ok"},"geometry":{"type":"Polygon","coordinates":[[[-95.86869300000001,36.104481],[-95.833087,36.104522],[-95.83319,36.089934],[-95.86859,36.089956],[-95.86869300000001,36.104481]]]}},{"type":"Feature","properties":{"geoid":"40143006803","tract":"68.03","county":"Tulsa","median_hh_income":48644,"moe":4853,"population":2827,"poverty_pct":23.2,"reliability":"ok"},"geometry":{"type":"Polygon","coordinates":[[[-95.966887,36.089686],[-95.957943,36.090398],[-95.958007,36.075281],[-95.966356,36.0753],[-95.966886,36.076228],[-95.966887,36.089686]]]}},{"type":"Feature","properties":{"geoid":"40143007518","tract":"75.18","county":"Tulsa","median_hh_income":116150,"moe":14012,"population":4121,"poverty_pct":6.9,"reliability":"ok"},"geometry":{"type":"Polygon","coordinates":[[[-95.85101,36.046301],[-95.833167,36.046346],[-95.833216,36.031882],[-95.850994,36.031851],[-95.85101,36.046301]]]}},{"type":"Feature","properties":{"geoid":"40143007636","tract":"76.36","county":"Tulsa","median_hh_income":109943,"moe":17696,"population":4676,"poverty_pct":5.3,"reliability":"ok"},"geometry":{"type":"Polygon","coordinates":[[[-95.904445,35.98829],[-95.904232,36.017334],[-95.88652,36.017297],[-95.886505,35.988299],[-95.904445,35.98829]]]}},{"type":"Feature","properties":{"geoid":"40143002700","tract":"27","county":"Tulsa","median_hh_income":54286,"moe":10761,"population":2899,"poverty_pct":19.0,"reliability":"ok"},"geometry":{"type":"Polygon","coordinates":[[[-96.02924700000001,36.145014],[-96.029233,36.16122],[-96.001055,36.161294],[-96.002091,36.159104000000006],[-96.001522,36.155187],[-96.002695,36.150194],[-96.00273,36.147786],[-96.003088,36.14672],[-96.005876,36.142745],[-96.011277,36.145494],[-96.020444,36.146655],[-96.026157,36.145936],[-96.02924700000001,36.145014]]]}},{"type":"Feature","properties":{"geoid":"40143005808","tract":"58.08","county":"Tulsa","median_hh_income":121310,"moe":23743,"population":4979,"poverty_pct":4.1,"reliability":"ok"},"geometry":{"type":"Polygon","coordinates":[[[-95.944891,36.238268],[-95.942842,36.241205],[-95.928368,36.253094],[-95.925589,36.25736],[-95.92462,36.259881],[-95.924049,36.264009],[-95.924273,36.336506],[-95.851901,36.336562],[-95.858257,36.328014],[-95.865569,36.307529],[-95.866188,36.307521],[-95.866205,36.305693],[-95.871191,36.291214],[-95.871697,36.288695],[-95.871142,36.286035],[-95.865579,36.274369],[-95.867332,36.272158],[-95.866936,36.266646],[-95.869226,36.265233],[-95.869075,36.264082],[-95.869588,36.263395],[-95.868325,36.260325],[-95.86955,36.258762],[-95.870727,36.258273],[-95.871463,36.256952],[-95.870712,36.25563],[-95.871256,36.254693],[-95.86981700000001,36.254705],[-95.869929,36.255928],[-95.868674,36.255623],[-95.869554,36.25415600000001],[-95.868203,36.253495],[-95.866411,36.253549],[-95.866459,36.249689],[-95.868809,36.24526],[-95.868776,36.235041],[-95.869104,36.233634],[-95.869805,36.233344],[-95.877552,36.233373],[-95.880265,36.234031],[-95.883661,36.233946],[-95.886579,36.235099],[-95.886569,36.233194],[-95.887169,36.231694],[-95.890169,36.230393],[-95.89317000000001,36.232793],[-95.89497,36.232693],[-95.89777,36.228493],[-95.90087,36.228093],[-95.90277,36.229493],[-95.90497,36.229993],[-95.90437,36.226093],[-95.90827,36.226893],[-95.91077,36.223293],[-95.916071,36.222093],[-95.917971,36.223293],[-95.920671,36.224093],[-95.921571,36.225793],[-95.919071,36.228893],[-95.919971,36.229993],[-95.922771,36.231393],[-95.926385,36.23469],[-95.928511,36.235086],[-95.945228,36.235174],[-95.944891,36.238268]]]}},{"type":"Feature","properties":{"geoid":"40143007612","tract":"76.12","county":"Tulsa","median_hh_income":101089,"moe":11261,"population":4044,"poverty_pct":3.1,"reliability":"ok"},"geometry":{"type":"Polygon","coordinates":[[[-95.95788400000002,36.060776],[-95.939898,36.060831],[-95.939951,36.055021],[-95.941199,36.052831000000005],[-95.94002,36.046411],[-95.957833,36.046412],[-95.95788400000002,36.060776]]]}},{"type":"Feature","properties":{"geoid":"40143007533","tract":"75.33","county":"Tulsa","median_hh_income":119554,"moe":15414,"population":2755,"poverty_pct":6.5,"reliability":"ok"},"geometry":{"type":"Polygon","coordinates":[[[-95.868816,35.948826],[-95.868673,35.973767],[-95.815142,35.973853],[-95.814934,35.959647],[-95.816465,35.959467],[-95.818416,35.955256],[-95.820572,35.952471],[-95.821466,35.950518],[-95.822605,35.949601],[-95.8304,35.938126],[-95.833028,35.930919],[-95.834441,35.929019],[-95.835817,35.928375],[-95.83753,35.928647],[-95.847946,35.932267],[-95.851394,35.932533],[-95.851401,35.940597],[-95.854144,35.940599],[-95.856305,35.944746],[-95.857058,35.94551500000001],[-95.863451,35.948511],[-95.867683,35.948346],[-95.868816,35.948826]]]}},{"type":"Feature","properties":{"geoid":"40143007526","tract":"75.26","county":"Tulsa","median_hh_income":110882,"moe":22211,"population":2354,"poverty_pct":2.5,"reliability":"ok"},"geometry":{"type":"Polygon","coordinates":[[[-95.77962,36.017438],[-95.779533,36.046499],[-95.76163200000002,36.046435],[-95.76165,36.017439],[-95.77962,36.017438]]]}},{"type":"Feature","properties":{"geoid":"40143007655","tract":"76.55","county":"Tulsa","median_hh_income":87340,"moe":7881,"population":3101,"poverty_pct":8.4,"reliability":"ok"},"geometry":{"type":"Polygon","coordinates":[[[-95.904528,35.973663],[-95.868673,35.973767],[-95.868816,35.948826],[-95.872155,35.95055],[-95.878155,35.952818],[-95.88510800000002,35.95783],[-95.890052,35.957542],[-95.90246,35.963834],[-95.904468,35.965398],[-95.904528,35.973663]]]}},{"type":"Feature","properties":{"geoid":"40143009016","tract":"90.16","county":"Tulsa","median_hh_income":166935,"moe":24530,"population":4240,"poverty_pct":2.3,"reliability":"ok"},"geometry":{"type":"Polygon","coordinates":[[[-95.797384,36.104434],[-95.779571,36.104412],[-95.779652,36.089943],[-95.797367,36.089965],[-95.797384,36.104434]]]}},{"type":"Feature","properties":{"geoid":"40143009020","tract":"90.20","county":"Tulsa","median_hh_income":71500,"moe":7286,"population":3166,"poverty_pct":7.7,"reliability":"ok"},"geometry":{"type":"Polygon","coordinates":[[[-95.79735,36.081125],[-95.794253,36.084351],[-95.795784,36.089982],[-95.779652,36.089943],[-95.779465,36.075524],[-95.783125,36.075518],[-95.791684,36.07259],[-95.79274400000001,36.072591],[-95.793703,36.073079],[-95.795102,36.074856],[-95.797448,36.075403],[-95.79735,36.081125]]]}},{"type":"Feature","properties":{"geoid":"40143011300","tract":"113","county":"Tulsa","median_hh_income":34850,"moe":14812,"population":2731,"poverty_pct":28.0,"reliability":"wide"},"geometry":{"type":"Polygon","coordinates":[[[-95.944581,36.215423],[-95.945275,36.225061],[-95.945228,36.235174],[-95.928511,36.235086],[-95.926385,36.23469],[-95.922771,36.231393],[-95.919971,36.229993],[-95.919071,36.228893],[-95.921571,36.225793],[-95.920671,36.224093],[-95.917971,36.223293],[-95.916071,36.222093],[-95.91077,36.223293],[-95.90827,36.226893],[-95.90437,36.226093],[-95.90497,36.229993],[-95.90277,36.229493],[-95.90087,36.228093],[-95.89777,36.228493],[-95.89497,36.232693],[-95.89317000000001,36.232793],[-95.890169,36.230393],[-95.887169,36.231694],[-95.886569,36.233194],[-95.886579,36.235099],[-95.883661,36.233946],[-95.880265,36.234031],[-95.877552,36.233373],[-95.869805,36.233344],[-95.868802,36.234100000000005],[-95.868744,36.177053],[-95.922503,36.177068],[-95.92251,36.206095],[-95.946982,36.206145],[-95.944581,36.215423]]]}},{"type":"Feature","properties":{"geoid":"40143005404","tract":"54.04","county":"Tulsa","median_hh_income":101286,"moe":8221,"population":5418,"poverty_pct":9.1,"reliability":"ok"},"geometry":{"type":"Polygon","coordinates":[[[-95.866315,36.3511],[-95.841395,36.351095],[-95.8311,36.37147900000001],[-95.830808,36.372935],[-95.831129,36.375505],[-95.833843,36.380063],[-95.866301,36.380172],[-95.866236,36.423752],[-95.79437,36.42358],[-95.79425,36.394505],[-95.812256,36.394575],[-95.81222,36.33652],[-95.866283,36.336671],[-95.866315,36.3511]]]}},{"type":"Feature","properties":{"geoid":"40143007703","tract":"77.03","county":"Tulsa","median_hh_income":119612,"moe":16970,"population":2887,"poverty_pct":10.4,"reliability":"ok"},"geometry":{"type":"Polygon","coordinates":[[[-96.033275,35.901099],[-96.02957,35.901106],[-96.029543,35.91563],[-95.975982,35.91565],[-95.975935,35.959244],[-95.940174,35.959296],[-95.940298,35.901105],[-95.944,35.901122],[-95.944073,35.85658],[-95.996113,35.856824],[-95.996756,35.857153],[-95.997505,35.856837],[-96.033118,35.856824],[-96.033275,35.901099]]]}},{"type":"Feature","properties":{"geoid":"40143007704","tract":"77.04","county":"Tulsa","median_hh_income":71162,"moe":7904,"population":3852,"poverty_pct":10.4,"reliability":"ok"},"geometry":{"type":"Polygon","coordinates":[[[-96.011663,35.959155],[-95.975935,35.959244],[-95.97596100000001,35.944707],[-96.011812,35.944489],[-96.011663,35.959155]]]}},{"type":"Feature","properties":{"geoid":"40143009013","tract":"90.13","county":"Tulsa","median_hh_income":61676,"moe":5552,"population":2167,"poverty_pct":8.5,"reliability":"ok"},"geometry":{"type":"Polygon","coordinates":[[[-95.815393,36.118945000000004],[-95.761641,36.118981],[-95.761667,36.10445],[-95.815321,36.104432],[-95.815393,36.118945000000004]]]}},{"type":"Feature","properties":{"geoid":"40143006712","tract":"67.12","county":"Tulsa","median_hh_income":127067,"moe":13963,"population":1619,"poverty_pct":7.4,"reliability":"ok"},"geometry":{"type":"Polygon","coordinates":[[[-96.00979,36.031955],[-96.007316,36.043453],[-96.00671,36.049115],[-96.006533,36.061045],[-95.979026,36.060763],[-95.976272,36.050094],[-95.975862,36.042997],[-95.975892,36.031955],[-95.984964,36.031947],[-95.987753,36.030584],[-95.991581,36.031938],[-96.00979,36.031955]]]}},{"type":"Feature","properties":{"geoid":"40143009019","tract":"90.19","county":"Tulsa","median_hh_income":86016,"moe":10475,"population":3878,"poverty_pct":11.9,"reliability":"ok"},"geometry":{"type":"Polygon","coordinates":[[[-95.86859,36.089956],[-95.795784,36.089982],[-95.794253,36.084351],[-95.79735,36.081125],[-95.797448,36.075403],[-95.86856,36.075415],[-95.86859,36.089956]]]}},{"type":"Feature","properties":{"geoid":"40143006710","tract":"67.10","county":"Tulsa","median_hh_income":103276,"moe":20551,"population":4795,"poverty_pct":11.5,"reliability":"ok"},"geometry":{"type":"Polygon","coordinates":[[[-95.993845,36.009454],[-95.993403,36.01855],[-95.991498,36.021596],[-95.989317,36.023507],[-95.98802,36.023995],[-95.98423200000002,36.022437],[-95.98448,36.021183],[-95.986831,36.018898],[-95.98669,36.018104],[-95.979752,36.013644],[-95.975913,36.012935],[-95.97597,35.973744],[-95.993814,35.973711],[-95.993845,36.009454]]]}},{"type":"Feature","properties":{"geoid":"40143009200","tract":"92","county":"Tulsa","median_hh_income":71516,"moe":23306,"population":3524,"poverty_pct":6.8,"reliability":"wide"},"geometry":{"type":"Polygon","coordinates":[[[-96.115752,36.134201],[-96.115195,36.136779],[-96.107386,36.137588],[-96.108894,36.138458],[-96.109016,36.154915],[-96.107125,36.157567],[-96.10744200000002,36.159462],[-96.106106,36.160934],[-96.082939,36.160951],[-96.083688,36.160631],[-96.08331500000001,36.158538],[-96.083462,36.132581],[-96.087754,36.13004],[-96.0877,36.128467],[-96.089737,36.127157],[-96.094833,36.126251],[-96.101247,36.123571],[-96.104894,36.122658],[-96.116029,36.123214],[-96.115752,36.134201]]]}},{"type":"Feature","properties":{"geoid":"40143005401","tract":"54.01","county":"Tulsa","median_hh_income":106534,"moe":11504,"population":3985,"poverty_pct":5.1,"reliability":"ok"},"geometry":{"type":"Polygon","coordinates":[[[-95.92427400000001,36.336634],[-95.923741,36.342202],[-95.921119,36.351328],[-95.920803,36.354737],[-95.920636,36.423702],[-95.866236,36.423752],[-95.866283,36.336671],[-95.92427400000001,36.336634]]]}},{"type":"Feature","properties":{"geoid":"40143006701","tract":"67.01","county":"Tulsa","median_hh_income":47708,"moe":5264,"population":3091,"poverty_pct":31.8,"reliability":"ok"},"geometry":{"type":"Polygon","coordinates":[[[-96.053755,36.075491],[-96.049913,36.078003],[-96.039644,36.089252],[-96.001804,36.08903],[-95.995413,36.089974],[-95.987955,36.089953],[-95.986073,36.075194],[-96.053755,36.075491]]]}},{"type":"Feature","properties":{"geoid":"40143007705","tract":"77.05","county":"Tulsa","median_hh_income":112870,"moe":12159,"population":2464,"poverty_pct":7.8,"reliability":"ok"},"geometry":{"type":"Polygon","coordinates":[[[-96.029543,35.91563],[-96.029477,35.959198],[-96.011663,35.959155],[-96.011812,35.944489],[-95.97596100000001,35.944707],[-95.975982,35.91565],[-96.029543,35.91563]]]}},{"type":"Feature","properties":{"geoid":"40143007803","tract":"78.03","county":"Tulsa","median_hh_income":109756,"moe":9830,"population":4672,"poverty_pct":6.5,"reliability":"ok"},"geometry":{"type":"Polygon","coordinates":[[[-95.94021200000002,35.915603],[-95.94017500000001,35.959501],[-95.92232700000001,35.958927],[-95.893507,35.959121],[-95.890052,35.957542],[-95.886423,35.957903],[-95.886595,35.915659],[-95.94021200000002,35.915603]]]}},{"type":"Feature","properties":{"geoid":"40143002301","tract":"23.01","county":"Tulsa","median_hh_income":34417,"moe":7881,"population":2569,"poverty_pct":31.5,"reliability":"ok"},"geometry":{"type":"Polygon","coordinates":[[[-95.979907,36.147919],[-95.980212,36.159646],[-95.967101,36.159239],[-95.962058,36.160787],[-95.958178,36.160747],[-95.958184,36.147783],[-95.979907,36.147919]]]}},{"type":"Feature","properties":{"geoid":"40143005200","tract":"52","county":"Tulsa","median_hh_income":85988,"moe":16909,"population":3354,"poverty_pct":20.1,"reliability":"ok"},"geometry":{"type":"Polygon","coordinates":[[[-95.940216,36.104313],[-95.92233,36.104358],[-95.922231,36.089827],[-95.940138,36.089792],[-95.940216,36.104313]]]}},{"type":"Feature","properties":{"geoid":"40143007613","tract":"76.13","county":"Tulsa","median_hh_income":72219,"moe":17655,"population":3631,"poverty_pct":14.8,"reliability":"ok"},"geometry":{"type":"Polygon","coordinates":[[[-95.940123,36.075327],[-95.922138,36.075326],[-95.92207,36.060825],[-95.939898,36.060831],[-95.940123,36.075327]]]}},{"type":"Feature","properties":{"geoid":"40143008700","tract":"87","county":"Tulsa","median_hh_income":55801,"moe":6796,"population":3255,"poverty_pct":7.9,"reliability":"ok"},"geometry":{"type":"Polygon","coordinates":[[[-95.958007,36.075281],[-95.957943,36.090398],[-95.940122,36.090606],[-95.940123,36.075327],[-95.943445,36.077154],[-95.948898,36.076934],[-95.950697,36.075296],[-95.958007,36.075281]]]}},{"type":"Feature","properties":{"geoid":"40113940005","tract":"9400.05","county":"Osage","median_hh_income":90268,"moe":10089,"population":4189,"poverty_pct":13.5,"reliability":"ok"},"geometry":{"type":"Polygon","coordinates":[[[-96.124159,36.249829],[-96.122464,36.252608],[-96.121287,36.256625],[-96.121334,36.265208],[-96.118297,36.266121],[-96.103281,36.26862800000001],[-96.100201,36.267232],[-96.08685,36.267148],[-96.07794,36.268228],[-96.076446,36.267784],[-96.067411,36.267653],[-96.067449,36.303432],[-96.001504,36.30337200000001],[-96.001249,36.191717],[-96.003959,36.191888],[-96.007309,36.191128],[-96.01441,36.187345],[-96.028481,36.187145],[-96.02881,36.16268],[-96.029233,36.16122],[-96.105736,36.160932],[-96.104574,36.162051000000005],[-96.104569,36.165792],[-96.102472,36.168474],[-96.101831,36.173919],[-96.10095000000001,36.175853],[-96.101626,36.176515],[-96.098724,36.179151],[-96.09804,36.180741],[-96.098149,36.18845],[-96.10009,36.193603],[-96.100286,36.208568],[-96.100747,36.209189],[-96.104229,36.209174],[-96.105051,36.209751000000004],[-96.105205,36.212865],[-96.107176,36.21468],[-96.108475,36.215098],[-96.111564,36.215178],[-96.11379,36.216233],[-96.114477,36.223225],[-96.113866,36.227212],[-96.113827,36.231089],[-96.117676,36.239222],[-96.120455,36.240714],[-96.12352,36.244739],[-96.123479,36.247207],[-96.124159,36.249829]]]}},{"type":"Feature","properties":{"geoid":"40143007638","tract":"76.38","county":"Tulsa","median_hh_income":192625,"moe":33124,"population":5620,"poverty_pct":4.2,"reliability":"ok"},"geometry":{"type":"Polygon","coordinates":[[[-95.950546,36.017157],[-95.922171,36.017334],[-95.922254,35.98836],[-95.904445,35.98829],[-95.904468,35.965398],[-95.905742,35.967416],[-95.909806,35.968798],[-95.912157,35.972117],[-95.921989,35.975533],[-95.925205,35.977909],[-95.927509,35.981745],[-95.927704,35.983593],[-95.930366,35.986641],[-95.931052,35.988313],[-95.93219700000002,35.98945],[-95.93983,35.992424],[-95.945918,35.997316],[-95.948487,35.999948],[-95.948799,36.000828],[-95.947771,36.004096],[-95.949783,36.00863600000001],[-95.949575,36.010592],[-95.950546,36.017157]]]}},{"type":"Feature","properties":{"geoid":"40143004900","tract":"49","county":"Tulsa","median_hh_income":43750,"moe":14856,"population":1895,"poverty_pct":27.2,"reliability":"wide"},"geometry":{"type":"Polygon","coordinates":[[[-96.012188,36.110716],[-96.011198,36.11463],[-96.008953,36.118807],[-96.008718,36.127414],[-96.007548,36.12805],[-96.007042,36.126256],[-95.999462,36.1262],[-95.99942,36.129799],[-95.995802,36.129898],[-95.992178,36.131829],[-95.987401,36.121198],[-95.986974,36.118993],[-95.985873,36.104293],[-95.987955,36.089953],[-95.995413,36.089974],[-96.001804,36.08903],[-96.011653,36.08895900000001],[-96.011611,36.108058],[-96.012188,36.110716]]]}},{"type":"Feature","properties":{"geoid":"40143001500","tract":"15","county":"Tulsa","median_hh_income":41875,"moe":7726,"population":3898,"poverty_pct":21.3,"reliability":"ok"},"geometry":{"type":"Polygon","coordinates":[[[-95.94030200000002,36.160786],[-95.940282,36.17713],[-95.922503,36.177068],[-95.92248,36.160741],[-95.94030200000002,36.160786]]]}},{"type":"Feature","properties":{"geoid":"40143005002","tract":"50.02","county":"Tulsa","median_hh_income":58911,"moe":5634,"population":3408,"poverty_pct":10.2,"reliability":"ok"},"geometry":{"type":"Polygon","coordinates":[[[-95.97573,36.104313],[-95.95799,36.104252],[-95.957943,36.090398],[-95.966887,36.089686],[-95.975705,36.089666],[-95.97573,36.104313]]]}},{"type":"Feature","properties":{"geoid":"40143006804","tract":"68.04","county":"Tulsa","median_hh_income":46618,"moe":8499,"population":2325,"poverty_pct":21.5,"reliability":"ok"},"geometry":{"type":"Polygon","coordinates":[[[-95.975778,36.075214],[-95.975705,36.089666],[-95.966887,36.089686],[-95.966886,36.076228],[-95.966356,36.0753],[-95.975778,36.075214]]]}},{"type":"Feature","properties":{"geoid":"40143007102","tract":"71.02","county":"Tulsa","median_hh_income":43884,"moe":1500,"population":2618,"poverty_pct":20.9,"reliability":"ok"},"geometry":{"type":"Polygon","coordinates":[[[-95.88667000000001,36.133496],[-95.886665,36.14799],[-95.864575,36.147979],[-95.864545,36.136807],[-95.869245,36.133507],[-95.88667000000001,36.133496]]]}},{"type":"Feature","properties":{"geoid":"40143007641","tract":"76.41","county":"Tulsa","median_hh_income":39092,"moe":4394,"population":5191,"poverty_pct":20.9,"reliability":"ok"},"geometry":{"type":"Polygon","coordinates":[[[-95.966544,36.051975],[-95.966567,36.053608],[-95.968086,36.057158],[-95.967134,36.060756],[-95.95788400000002,36.060776],[-95.957833,36.046412],[-95.965355,36.046616],[-95.972216,36.046295],[-95.966544,36.051975]]]}},{"type":"Feature","properties":{"geoid":"40143009104","tract":"91.04","county":"Tulsa","median_hh_income":46534,"moe":8077,"population":2495,"poverty_pct":24.3,"reliability":"ok"},"geometry":{"type":"Polygon","coordinates":[[[-95.975546,36.235011],[-95.975449,36.248565],[-95.97370900000001,36.251435],[-95.973663,36.278585],[-95.924023,36.278617],[-95.924049,36.264009],[-95.92462,36.259881],[-95.925589,36.25736],[-95.928368,36.253094],[-95.943735,36.240213],[-95.944891,36.238268],[-95.945228,36.235174],[-95.975546,36.235011]]]}},{"type":"Feature","properties":{"geoid":"40143006600","tract":"66","county":"Tulsa","median_hh_income":63750,"moe":27881,"population":2459,"poverty_pct":15.3,"reliability":"wide"},"geometry":{"type":"Polygon","coordinates":[[[-96.090976,36.126829],[-96.089737,36.127157],[-96.0877,36.128467],[-96.087754,36.13004],[-96.083462,36.132581],[-96.06866700000002,36.138621],[-96.068652,36.138064],[-96.065441,36.138973],[-96.062747,36.138593],[-96.057173,36.139157],[-96.043236,36.14122],[-96.026157,36.145936],[-96.020444,36.146655],[-96.011277,36.145494],[-96.005876,36.142745],[-96.007266,36.14069],[-96.00906300000001,36.130979],[-96.008718,36.127414],[-96.008953,36.118807],[-96.011198,36.11463],[-96.013044,36.112248],[-96.020535,36.106619],[-96.020482,36.107642],[-96.021677,36.108688],[-96.028148,36.108715],[-96.028161,36.107629],[-96.030686,36.107676],[-96.030736,36.104466],[-96.04736,36.104493],[-96.04746,36.08267],[-96.045332,36.083002],[-96.049913,36.078003],[-96.053755,36.075491],[-96.065431,36.075506],[-96.065329,36.102044],[-96.063012,36.103533],[-96.062973,36.104563],[-96.063631,36.104563],[-96.063894,36.105108],[-96.065236,36.105821],[-96.065223,36.122777],[-96.069674,36.122849],[-96.069708,36.124504],[-96.076403,36.124562],[-96.076482,36.120973],[-96.078717,36.120969],[-96.07868,36.122744],[-96.083146,36.122784],[-96.083101,36.126402],[-96.089705,36.126394],[-96.090416,36.125958],[-96.090976,36.126829]]]}},{"type":"Feature","properties":{"geoid":"40143007402","tract":"74.02","county":"Tulsa","median_hh_income":70462,"moe":18860,"population":2720,"poverty_pct":9.2,"reliability":"wide"},"geometry":{"type":"Polygon","coordinates":[[[-95.797439,36.060988],[-95.779553,36.061018],[-95.779533,36.046499],[-95.787701,36.046494],[-95.789518,36.04840800000001],[-95.790779,36.046442],[-95.797436,36.046457],[-95.797439,36.060988]]]}},{"type":"Feature","properties":{"geoid":"40143009300","tract":"93","county":"Tulsa","median_hh_income":51570,"moe":8718,"population":3474,"poverty_pct":14.9,"reliability":"ok"},"geometry":{"type":"Polygon","coordinates":[[[-96.174638,36.161064],[-96.106106,36.160934],[-96.10744200000002,36.159462],[-96.107125,36.157567],[-96.109016,36.154915],[-96.108894,36.138458],[-96.107386,36.137588],[-96.115195,36.136779],[-96.115752,36.134201],[-96.116029,36.123214],[-96.12298,36.12318700000001],[-96.127104,36.124095],[-96.130568,36.125999],[-96.13548,36.127102],[-96.137176,36.128326],[-96.140181,36.13258600000001],[-96.139931,36.133656],[-96.141936,36.136296],[-96.15026,36.141156],[-96.150254,36.141722],[-96.154806,36.144287000000006],[-96.15649,36.144177],[-96.162834,36.145875],[-96.164393,36.149257],[-96.166337,36.150756],[-96.169159,36.151695],[-96.170746,36.153317],[-96.173118,36.156536],[-96.172761,36.160257],[-96.174638,36.161064]]]}},{"type":"Feature","properties":{"geoid":"40143007512","tract":"75.12","county":"Tulsa","median_hh_income":81682,"moe":7747,"population":4512,"poverty_pct":11.4,"reliability":"ok"},"geometry":{"type":"Polygon","coordinates":[[[-95.81527200000001,36.017407],[-95.797462,36.017464],[-95.79741,36.002898],[-95.815243,36.002903],[-95.81527200000001,36.017407]]]}},{"type":"Feature","properties":{"geoid":"40143000200","tract":"2","county":"Tulsa","median_hh_income":44485,"moe":10712,"population":1534,"poverty_pct":19.6,"reliability":"ok"},"geometry":{"type":"Polygon","coordinates":[[[-95.975473,36.19803],[-95.972387,36.198684],[-95.955714,36.206147],[-95.92251,36.206095],[-95.922446,36.191576],[-95.975926,36.191415],[-95.975473,36.19803]]]}},{"type":"Feature","properties":{"geoid":"40143001700","tract":"17","county":"Tulsa","median_hh_income":55954,"moe":7203,"population":2444,"poverty_pct":23.9,"reliability":"ok"},"geometry":{"type":"Polygon","coordinates":[[[-95.922513,36.147758],[-95.92248,36.160741],[-95.90457,36.160741],[-95.904547,36.14793],[-95.922513,36.147758]]]}},{"type":"Feature","properties":{"geoid":"40143003000","tract":"30","county":"Tulsa","median_hh_income":39786,"moe":9696,"population":1866,"poverty_pct":24.1,"reliability":"ok"},"geometry":{"type":"Polygon","coordinates":[[[-96.047377,36.140743],[-96.04718500000001,36.152809],[-96.044956,36.15346],[-96.044954,36.151646],[-96.043782,36.153794],[-96.038272,36.154811],[-96.038238,36.156166],[-96.033548,36.157349],[-96.029224,36.156882],[-96.02924700000001,36.145014],[-96.043236,36.14122],[-96.047377,36.140743]]]}},{"type":"Feature","properties":{"geoid":"40143007306","tract":"73.06","county":"Tulsa","median_hh_income":39640,"moe":14801,"population":5519,"poverty_pct":34.0,"reliability":"wide"},"geometry":{"type":"Polygon","coordinates":[[[-95.851105,36.119003],[-95.851065,36.133459],[-95.833222,36.133445],[-95.833236,36.118926],[-95.851105,36.119003]]]}},{"type":"Feature","properties":{"geoid":"40143008800","tract":"88","county":"Tulsa","median_hh_income":44231,"moe":9581,"population":2288,"poverty_pct":35.9,"reliability":"ok"},"geometry":{"type":"Polygon","coordinates":[[[-96.083462,36.132581],[-96.083392,36.142175],[-96.063578,36.148275],[-96.06066000000001,36.148363],[-96.060599,36.149161],[-96.056187,36.150508],[-96.056158,36.149786],[-96.053993,36.14976],[-96.054005,36.151173],[-96.052676,36.15162],[-96.049506,36.151301],[-96.04718500000001,36.152809],[-96.047377,36.140743],[-96.062747,36.138593],[-96.065441,36.138973],[-96.068652,36.138064],[-96.06866700000002,36.138621],[-96.083462,36.132581]]]}},{"type":"Feature","properties":{"geoid":"40143006708","tract":"67.08","county":"Tulsa","median_hh_income":144450,"moe":8417,"population":10164,"poverty_pct":2.4,"reliability":"ok"},"geometry":{"type":"Polygon","coordinates":[[[-95.975935,35.959244],[-95.975913,36.012935],[-95.972587,36.013321],[-95.968996,36.011602],[-95.965318,36.007004],[-95.963773,36.003],[-95.960584,36.000987],[-95.958833,36.001436],[-95.956475,36.003933],[-95.95451600000001,36.004362],[-95.95304000000002,36.003492],[-95.951927,36.003424],[-95.947771,36.004096],[-95.948799,36.000828],[-95.948487,35.999948],[-95.945918,35.997316],[-95.93983,35.992424],[-95.93219700000002,35.98945],[-95.931052,35.988313],[-95.930366,35.986641],[-95.927704,35.983593],[-95.927509,35.981745],[-95.925205,35.977909],[-95.921989,35.975533],[-95.912157,35.972117],[-95.909806,35.968798],[-95.905742,35.967416],[-95.904468,35.965398],[-95.90246,35.963834],[-95.89522,35.960406],[-95.893507,35.959121],[-95.92232700000001,35.958927],[-95.94017500000001,35.959501],[-95.975935,35.959244]]]}},{"type":"Feature","properties":{"geoid":"40143002500","tract":"25","county":"Tulsa","median_hh_income":65409,"moe":11166,"population":4351,"poverty_pct":23.4,"reliability":"ok"},"geometry":{"type":"Polygon","coordinates":[[[-96.002695,36.150194],[-96.001522,36.155187],[-96.002091,36.159104000000006],[-96.001055,36.161294],[-95.998025,36.161244],[-95.992861,36.162213],[-95.990218,36.162285],[-95.980212,36.159646],[-95.98028700000002,36.150363],[-95.978841,36.143472],[-95.979469,36.142492],[-95.981648,36.141734],[-95.983733,36.14203100000001],[-95.987314,36.143647],[-95.992347,36.144047],[-95.994988,36.14518],[-96.000511,36.145316],[-96.001823,36.145958],[-96.00273,36.147786],[-96.002695,36.150194]]]}},{"type":"Feature","properties":{"geoid":"40143007801","tract":"78.01","county":"Tulsa","median_hh_income":61774,"moe":10495,"population":3398,"poverty_pct":11.6,"reliability":"ok"},"geometry":{"type":"Polygon","coordinates":[[[-95.886595,35.915659],[-95.886423,35.957903],[-95.88510800000002,35.95783],[-95.878155,35.952818],[-95.872155,35.95055],[-95.867683,35.948346],[-95.863451,35.948511],[-95.857058,35.94551500000001],[-95.856305,35.944746],[-95.854144,35.940599],[-95.851401,35.940597],[-95.851394,35.932533],[-95.847946,35.932267],[-95.83753,35.928647],[-95.835817,35.928375],[-95.834441,35.929019],[-95.833028,35.930919],[-95.8304,35.938126],[-95.822605,35.949601],[-95.821466,35.950518],[-95.820572,35.952471],[-95.818416,35.955256],[-95.816465,35.959467],[-95.80072,35.959296],[-95.799056,35.960004],[-95.795912,35.962792],[-95.79412800000001,35.962924],[-95.79116,35.960452],[-95.788791,35.957784],[-95.779079,35.952452],[-95.774279,35.947936],[-95.770903,35.945916],[-95.771247,35.939904],[-95.772063,35.9376],[-95.770055,35.933396],[-95.767479,35.925124],[-95.763963,35.9192],[-95.763095,35.918276],[-95.761703,35.918031],[-95.761698,35.909297],[-95.774512,35.91913100000001],[-95.778775,35.920642],[-95.801986,35.920781],[-95.830232,35.914434],[-95.839643,35.915413],[-95.886595,35.915659]]]}},{"type":"Feature","properties":{"geoid":"40143006703","tract":"67.03","county":"Tulsa","median_hh_income":69423,"moe":12977,"population":4221,"poverty_pct":14.8,"reliability":"ok"},"geometry":{"type":"Polygon","coordinates":[[[-95.993771,36.015816],[-95.993724,36.03194800000001],[-95.991581,36.031938],[-95.987753,36.030584],[-95.984964,36.031947],[-95.975892,36.031955],[-95.975862,36.042997],[-95.976272,36.050094],[-95.975772,36.047995],[-95.974472,36.046295],[-95.96888,36.043607],[-95.963584,36.038523],[-95.962864,36.036243],[-95.959076,36.031911],[-95.95464700000001,36.028299],[-95.952842,36.025277],[-95.952406,36.025358],[-95.950371,36.017989],[-95.950546,36.017157],[-95.949575,36.010592],[-95.949783,36.00863600000001],[-95.947771,36.004096],[-95.951927,36.003424],[-95.95304000000002,36.003492],[-95.95451600000001,36.004362],[-95.956475,36.003933],[-95.958833,36.001436],[-95.960584,36.000987],[-95.963773,36.003],[-95.965318,36.007004],[-95.968996,36.011602],[-95.972587,36.013321],[-95.975913,36.012935],[-95.979752,36.013644],[-95.98669,36.018104],[-95.986831,36.018898],[-95.98448,36.021183],[-95.98423200000002,36.022437],[-95.98802,36.023995],[-95.989317,36.023507],[-95.991498,36.021596],[-95.993403,36.01855],[-95.993771,36.015816]]]}},{"type":"Feature","properties":{"geoid":"40143009401","tract":"94.01","county":"Tulsa","median_hh_income":77652,"moe":17078,"population":4791,"poverty_pct":10.2,"reliability":"ok"},"geometry":{"type":"Polygon","coordinates":[[[-96.188734,36.105435],[-96.187321,36.107023],[-96.184714,36.10818],[-96.18465000000002,36.1107],[-96.183586,36.1134],[-96.183642,36.114996],[-96.18589,36.115532],[-96.184482,36.117564],[-96.18485,36.118324],[-96.182442,36.121416],[-96.176994,36.123093],[-96.17909,36.123909],[-96.17720200000001,36.124649],[-96.17589,36.126085],[-96.17785300000001,36.128937],[-96.174918,36.130862],[-96.172728,36.133833],[-96.172641,36.146586],[-96.162834,36.145875],[-96.15649,36.144177],[-96.154806,36.144287000000006],[-96.150254,36.141722],[-96.15026,36.141156],[-96.141936,36.136296],[-96.139931,36.133656],[-96.140181,36.13258600000001],[-96.137176,36.128326],[-96.13548,36.127102],[-96.130568,36.125999],[-96.127104,36.124095],[-96.12298,36.12318700000001],[-96.116029,36.123214],[-96.11638,36.113751],[-96.117202,36.108234],[-96.117048,36.104665],[-96.188177,36.104771],[-96.188734,36.105435]]]}},{"type":"Feature","properties":{"geoid":"40143007648","tract":"76.48","county":"Tulsa","median_hh_income":45162,"moe":19508,"population":2775,"poverty_pct":23.4,"reliability":"wide"},"geometry":{"type":"Polygon","coordinates":[[[-95.922044,36.051391],[-95.92207,36.060825],[-95.904221,36.060865],[-95.904225,36.055884],[-95.908858,36.056479],[-95.908964,36.055734],[-95.912103,36.053740000000005],[-95.915254,36.05401],[-95.916733,36.054736000000005],[-95.918275,36.053068],[-95.922044,36.051391]]]}},{"type":"Feature","properties":{"geoid":"40143005811","tract":"58.11","county":"Tulsa","median_hh_income":80121,"moe":10408,"population":4329,"poverty_pct":6.5,"reliability":"ok"},"geometry":{"type":"Polygon","coordinates":[[[-95.860592,36.322051],[-95.8122,36.32205],[-95.81218,36.29305],[-95.830183,36.292988],[-95.830162,36.30756],[-95.865569,36.307529],[-95.860592,36.322051]]]}},{"type":"Feature","properties":{"geoid":"40143007530","tract":"75.30","county":"Tulsa","median_hh_income":110833,"moe":15067,"population":2798,"poverty_pct":7.7,"reliability":"ok"},"geometry":{"type":"Polygon","coordinates":[[[-95.86853,36.017378],[-95.868513,36.031929],[-95.833216,36.031882],[-95.833099,36.017401],[-95.86853,36.017378]]]}},{"type":"Feature","properties":{"geoid":"40143007643","tract":"76.43","county":"Tulsa","median_hh_income":30815,"moe":14966,"population":1383,"poverty_pct":46.1,"reliability":"wide"},"geometry":{"type":"Polygon","coordinates":[[[-95.966613,36.063607],[-95.962171,36.066813],[-95.960423,36.070271],[-95.959977,36.075282],[-95.958007,36.075281],[-95.95788400000002,36.060776],[-95.967134,36.060756],[-95.966613,36.063607]]]}},{"type":"Feature","properties":{"geoid":"40143005813","tract":"58.13","county":"Tulsa","median_hh_income":64274,"moe":9823,"population":3014,"poverty_pct":8.9,"reliability":"ok"},"geometry":{"type":"Polygon","coordinates":[[[-95.830165,36.249519],[-95.830162,36.278523],[-95.81216,36.27853],[-95.81206200000001,36.24953],[-95.830165,36.249519]]]}},{"type":"Feature","properties":{"geoid":"40143007639","tract":"76.39","county":"Tulsa","median_hh_income":88456,"moe":18269,"population":4776,"poverty_pct":5.9,"reliability":"ok"},"geometry":{"type":"Polygon","coordinates":[[[-95.904262,36.031839],[-95.904226,36.046342],[-95.886196,36.046386],[-95.886486,36.031823],[-95.904262,36.031839]]]}},{"type":"Feature","properties":{"geoid":"40143007503","tract":"75.03","county":"Tulsa","median_hh_income":65773,"moe":6073,"population":2575,"poverty_pct":7.4,"reliability":"ok"},"geometry":{"type":"Polygon","coordinates":[[[-95.797457,36.031914],[-95.797436,36.046457],[-95.790779,36.046442],[-95.789518,36.04840800000001],[-95.787701,36.046494],[-95.779533,36.046499],[-95.77959,36.03195],[-95.797457,36.031914]]]}},{"type":"Feature","properties":{"geoid":"40143006507","tract":"65.07","county":"Tulsa","median_hh_income":101458,"moe":38947,"population":1960,"poverty_pct":9.6,"reliability":"wide"},"geometry":{"type":"Polygon","coordinates":[[[-96.11914400000002,36.09017],[-96.116872,36.098594],[-96.117048,36.104665],[-96.062973,36.104563],[-96.063012,36.103533],[-96.065329,36.102044],[-96.065431,36.075506],[-96.119018,36.075642],[-96.11914400000002,36.09017]]]}},{"type":"Feature","properties":{"geoid":"40143007656","tract":"76.56","county":"Tulsa","median_hh_income":85735,"moe":18949,"population":3673,"poverty_pct":6.4,"reliability":"ok"},"geometry":{"type":"Polygon","coordinates":[[[-95.904445,35.98829],[-95.868621,35.988326],[-95.868673,35.973767],[-95.904528,35.973663],[-95.904445,35.98829]]]}},{"type":"Feature","properties":{"geoid":"40143004700","tract":"47","county":"Tulsa","median_hh_income":57845,"moe":5344,"population":1960,"poverty_pct":14.2,"reliability":"ok"},"geometry":{"type":"Polygon","coordinates":[[[-96.04746,36.08267],[-96.04736,36.104493],[-96.030736,36.104466],[-96.030686,36.107676],[-96.028161,36.107629],[-96.028148,36.108715],[-96.021677,36.108688],[-96.020482,36.107642],[-96.020535,36.106619],[-96.018437,36.108078],[-96.021467,36.104054],[-96.025098,36.101524],[-96.031677,36.095913],[-96.036029,36.093072],[-96.045332,36.083002],[-96.04746,36.08267]]]}},{"type":"Feature","properties":{"geoid":"40143006713","tract":"67.13","county":"Tulsa","median_hh_income":75189,"moe":19530,"population":2709,"poverty_pct":11.1,"reliability":"wide"},"geometry":{"type":"Polygon","coordinates":[[[-96.029518,36.031966],[-96.029542,36.060957],[-96.006533,36.061045],[-96.00671,36.049115],[-96.007316,36.043453],[-96.00979,36.031955],[-96.029518,36.031966]]]}},{"type":"Feature","properties":{"geoid":"40143007631","tract":"76.31","county":"Tulsa","median_hh_income":97738,"moe":13210,"population":3773,"poverty_pct":4.1,"reliability":"ok"},"geometry":{"type":"Polygon","coordinates":[[[-95.940027,36.031886],[-95.94002,36.046411],[-95.922128,36.046384],[-95.922713,36.043831],[-95.921643,36.04183],[-95.922578,36.038264],[-95.922045,36.037246],[-95.92215,36.031868],[-95.940027,36.031886]]]}},{"type":"Feature","properties":{"geoid":"40143007647","tract":"76.47","county":"Tulsa","median_hh_income":98841,"moe":28316,"population":2968,"poverty_pct":7.5,"reliability":"wide"},"geometry":{"type":"Polygon","coordinates":[[[-95.922044,36.051391],[-95.918275,36.053068],[-95.916733,36.054736000000005],[-95.915254,36.05401],[-95.912103,36.053740000000005],[-95.908964,36.055734],[-95.908858,36.056479],[-95.904225,36.055884],[-95.904226,36.046342],[-95.922128,36.046384],[-95.922044,36.051391]]]}},{"type":"Feature","properties":{"geoid":"40143007308","tract":"73.08","county":"Tulsa","median_hh_income":63636,"moe":11708,"population":3264,"poverty_pct":13.5,"reliability":"ok"},"geometry":{"type":"Polygon","coordinates":[[[-95.815393,36.118945000000004],[-95.8154,36.16263],[-95.76165,36.16275],[-95.761641,36.118981],[-95.815393,36.118945000000004]]]}},{"type":"Feature","properties":{"geoid":"40143007645","tract":"76.45","county":"Tulsa","median_hh_income":73880,"moe":14780,"population":4080,"poverty_pct":10.2,"reliability":"ok"},"geometry":{"type":"Polygon","coordinates":[[[-95.886197,36.053604],[-95.868496,36.053629],[-95.868522,36.046413],[-95.886196,36.046386],[-95.886197,36.053604]]]}},{"type":"Feature","properties":{"geoid":"40143007413","tract":"74.13","county":"Tulsa","median_hh_income":85313,"moe":25066,"population":3935,"poverty_pct":8.6,"reliability":"wide"},"geometry":{"type":"Polygon","coordinates":[[[-95.833167,36.046346],[-95.833117,36.060867],[-95.815295,36.060908],[-95.815343,36.046396],[-95.833167,36.046346]]]}},{"type":"Feature","properties":{"geoid":"40143009017","tract":"90.17","county":"Tulsa","median_hh_income":57634,"moe":11718,"population":2007,"poverty_pct":18.1,"reliability":"ok"},"geometry":{"type":"Polygon","coordinates":[[[-95.833087,36.104522],[-95.815321,36.104432],[-95.815308,36.089937],[-95.83319,36.089934],[-95.833087,36.104522]]]}}]}